player 1,player 2,winner,winner points,Total_points,depth
"{'apertura': {'corner': 0.2183, 'mob': 0.5912, 'stable': 0.0873, 'parity': 0.7423, 'pos': 0.6486}, 'medio': {'corner': 0.2417, 'mob': 0.4743, 'stable': 0.9387, 'parity': 0.6074, 'pos': 0.3779}, 'final': {'corner': 0.1532, 'mob': 0.8074, 'stable': 0.7777, 'parity': 0.013, 'pos': 0.7901}}",minimax,minimax,46,58,60
"{'apertura': {'corner': 0.6838, 'mob': 0.9386, 'stable': 0.6551, 'parity': 0.452, 'pos': 0.8634}, 'medio': {'corner': 0.3204, 'mob': 0.4126, 'stable': 0.6409, 'parity': 0.4267, 'pos': 0.0046}, 'final': {'corner': 0.5489, 'mob': 0.1931, 'stable': 0.578, 'parity': 0.0888, 'pos': 0.4755}}",minimax,minimax,49,64,60
"{'apertura': {'corner': 0.5094, 'mob': 0.5756, 'stable': 0.1264, 'parity': 0.045, 'pos': 0.8026}, 'medio': {'corner': 0.347, 'mob': 0.3746, 'stable': 0.1282, 'parity': 0.1994, 'pos': 0.6607}, 'final': {'corner': 0.7481, 'mob': 0.7337, 'stable': 0.7424, 'parity': 0.1794, 'pos': 0.6834}}",minimax,minimax,34,64,60
"{'apertura': {'corner': 0.8402, 'mob': 0.4967, 'stable': 0.3725, 'parity': 0.1003, 'pos': 0.0192}, 'medio': {'corner': 0.9306, 'mob': 0.0155, 'stable': 0.6674, 'parity': 0.0612, 'pos': 0.8442}, 'final': {'corner': 0.5368, 'mob': 0.9091, 'stable': 0.8721, 'parity': 0.0829, 'pos': 0.7052}}",minimax,minimax,37,64,61
"{'apertura': {'corner': 0.8108, 'mob': 0.1223, 'stable': 0.3807, 'parity': 0.6407, 'pos': 0.5166}, 'medio': {'corner': 0.9739, 'mob': 0.0497, 'stable': 0.6534, 'parity': 0.556, 'pos': 0.1096}, 'final': {'corner': 0.2392, 'mob': 0.8756, 'stable': 0.5216, 'parity': 0.8491, 'pos': 0.5005}}",minimax,minimax,50,60,63
"{'apertura': {'corner': 0.655, 'mob': 0.0631, 'stable': 0.4635, 'parity': 0.2507, 'pos': 0.937}, 'medio': {'corner': 0.7454, 'mob': 0.3417, 'stable': 0.7764, 'parity': 0.351, 'pos': 0.9835}, 'final': {'corner': 0.3247, 'mob': 0.2543, 'stable': 0.0169, 'parity': 0.1175, 'pos': 0.5722}}",minimax,"{'apertura': {'corner': 0.655, 'mob': 0.0631, 'stable': 0.4635, 'parity': 0.2507, 'pos': 0.937}, 'medio': {'corner': 0.7454, 'mob': 0.3417, 'stable': 0.7764, 'parity': 0.351, 'pos': 0.9835}, 'final': {'corner': 0.3247, 'mob': 0.2543, 'stable': 0.0169, 'parity': 0.1175, 'pos': 0.5722}}",51,62,59
"{'apertura': {'corner': 0.55, 'mob': 0.9891, 'stable': 0.5574, 'parity': 0.0797, 'pos': 0.6529}, 'medio': {'corner': 0.068, 'mob': 0.6898, 'stable': 0.9454, 'parity': 0.9164, 'pos': 0.1081}, 'final': {'corner': 0.4801, 'mob': 0.0406, 'stable': 0.2272, 'parity': 0.3541, 'pos': 0.5966}}",minimax,minimax,46,64,63
"{'apertura': {'corner': 0.1917, 'mob': 0.6076, 'stable': 0.2986, 'parity': 0.5297, 'pos': 0.2726}, 'medio': {'corner': 0.7026, 'mob': 0.6971, 'stable': 0.2158, 'parity': 0.6362, 'pos': 0.2659}, 'final': {'corner': 0.6359, 'mob': 0.012, 'stable': 0.7539, 'parity': 0.0124, 'pos': 0.7513}}",minimax,minimax,56,62,60
"{'apertura': {'corner': 0.8369, 'mob': 0.2141, 'stable': 0.4918, 'parity': 0.0522, 'pos': 0.5375}, 'medio': {'corner': 0.7466, 'mob': 0.4789, 'stable': 0.0489, 'parity': 0.0527, 'pos': 0.9295}, 'final': {'corner': 0.7616, 'mob': 0.023, 'stable': 0.1983, 'parity': 0.7184, 'pos': 0.4073}}",minimax,minimax,52,64,61
"{'apertura': {'corner': 0.3248, 'mob': 0.9051, 'stable': 0.6112, 'parity': 0.3061, 'pos': 0.531}, 'medio': {'corner': 0.4489, 'mob': 0.2673, 'stable': 0.3771, 'parity': 0.5614, 'pos': 0.3155}, 'final': {'corner': 0.4515, 'mob': 0.8617, 'stable': 0.3946, 'parity': 0.91, 'pos': 0.3436}}",minimax,minimax,37,64,60
"{'apertura': {'corner': 0.4035, 'mob': 0.8962, 'stable': 0.6586, 'parity': 0.0362, 'pos': 0.8228}, 'medio': {'corner': 0.8347, 'mob': 0.2292, 'stable': 0.5304, 'parity': 0.763, 'pos': 0.183}, 'final': {'corner': 0.8272, 'mob': 0.7165, 'stable': 0.5042, 'parity': 0.099, 'pos': 0.4138}}",minimax,minimax,52,63,63
"{'apertura': {'corner': 0.1903, 'mob': 0.2609, 'stable': 0.2503, 'parity': 0.1235, 'pos': 0.2426}, 'medio': {'corner': 0.7086, 'mob': 0.2335, 'stable': 0.1148, 'parity': 0.7523, 'pos': 0.2115}, 'final': {'corner': 0.7755, 'mob': 0.6941, 'stable': 0.5576, 'parity': 0.0319, 'pos': 0.1839}}",minimax,"{'apertura': {'corner': 0.1903, 'mob': 0.2609, 'stable': 0.2503, 'parity': 0.1235, 'pos': 0.2426}, 'medio': {'corner': 0.7086, 'mob': 0.2335, 'stable': 0.1148, 'parity': 0.7523, 'pos': 0.2115}, 'final': {'corner': 0.7755, 'mob': 0.6941, 'stable': 0.5576, 'parity': 0.0319, 'pos': 0.1839}}",38,62,59
"{'apertura': {'corner': 0.0405, 'mob': 0.7847, 'stable': 0.9775, 'parity': 0.5004, 'pos': 0.8925}, 'medio': {'corner': 0.7695, 'mob': 0.3271, 'stable': 0.6067, 'parity': 0.9551, 'pos': 0.2586}, 'final': {'corner': 0.6507, 'mob': 0.6661, 'stable': 0.7108, 'parity': 0.7948, 'pos': 0.5375}}",minimax,minimax,47,64,63
"{'apertura': {'corner': 0.2861, 'mob': 0.8161, 'stable': 0.1449, 'parity': 0.3381, 'pos': 0.5714}, 'medio': {'corner': 0.7572, 'mob': 0.6956, 'stable': 0.6319, 'parity': 0.3366, 'pos': 0.4771}, 'final': {'corner': 0.327, 'mob': 0.0148, 'stable': 0.4504, 'parity': 0.2236, 'pos': 0.2255}}",minimax,minimax,49,64,60
"{'apertura': {'corner': 0.8105, 'mob': 0.5257, 'stable': 0.1163, 'parity': 0.7762, 'pos': 0.5171}, 'medio': {'corner': 0.2847, 'mob': 0.6614, 'stable': 0.5069, 'parity': 0.5425, 'pos': 0.947}, 'final': {'corner': 0.3202, 'mob': 0.3492, 'stable': 0.5697, 'parity': 0.6749, 'pos': 0.1182}}",minimax,minimax,51,64,61
"{'apertura': {'corner': 0.1084, 'mob': 0.3163, 'stable': 0.7244, 'parity': 0.9389, 'pos': 0.041}, 'medio': {'corner': 0.2981, 'mob': 0.6523, 'stable': 0.1597, 'parity': 0.7472, 'pos': 0.3137}, 'final': {'corner': 0.6541, 'mob': 0.3262, 'stable': 0.4779, 'parity': 0.8648, 'pos': 0.7187}}",minimax,minimax,45,64,60
"{'apertura': {'corner': 0.55, 'mob': 0.9891, 'stable': 0.5574, 'parity': 0.0797, 'pos': 0.6529}, 'medio': {'corner': 0.068, 'mob': 0.6898, 'stable': 0.9454, 'parity': 0.9164, 'pos': 0.1081}, 'final': {'corner': 0.4801, 'mob': 0.0406, 'stable': 0.2272, 'parity': 0.3541, 'pos': 0.5966}}",minimax,minimax,56,60,58
"{'apertura': {'corner': 0.8369, 'mob': 0.2141, 'stable': 0.4918, 'parity': 0.0522, 'pos': 0.5375}, 'medio': {'corner': 0.7466, 'mob': 0.4789, 'stable': 0.0489, 'parity': 0.0527, 'pos': 0.9295}, 'final': {'corner': 0.7616, 'mob': 0.023, 'stable': 0.1983, 'parity': 0.7184, 'pos': 0.4073}}",minimax,minimax,38,64,60
"{'apertura': {'corner': 0.6838, 'mob': 0.9386, 'stable': 0.6551, 'parity': 0.452, 'pos': 0.8634}, 'medio': {'corner': 0.3204, 'mob': 0.4126, 'stable': 0.6409, 'parity': 0.4267, 'pos': 0.0046}, 'final': {'corner': 0.5489, 'mob': 0.1931, 'stable': 0.578, 'parity': 0.0888, 'pos': 0.4755}}",minimax,minimax,46,64,60
"{'apertura': {'corner': 0.4256, 'mob': 0.4535, 'stable': 0.6791, 'parity': 0.5706, 'pos': 0.7046}, 'medio': {'corner': 0.8717, 'mob': 0.1884, 'stable': 0.63, 'parity': 0.7555, 'pos': 0.1841}, 'final': {'corner': 0.4449, 'mob': 0.7709, 'stable': 0.6162, 'parity': 0.8219, 'pos': 0.519}}",minimax,minimax,39,60,69
"{'apertura': {'corner': 0.8402, 'mob': 0.4967, 'stable': 0.3725, 'parity': 0.1003, 'pos': 0.0192}, 'medio': {'corner': 0.9306, 'mob': 0.0155, 'stable': 0.6674, 'parity': 0.0612, 'pos': 0.8442}, 'final': {'corner': 0.5368, 'mob': 0.9091, 'stable': 0.8721, 'parity': 0.0829, 'pos': 0.7052}}",minimax,minimax,39,64,63
"{'apertura': {'corner': 0.3248, 'mob': 0.9051, 'stable': 0.6112, 'parity': 0.3061, 'pos': 0.531}, 'medio': {'corner': 0.4489, 'mob': 0.2673, 'stable': 0.3771, 'parity': 0.5614, 'pos': 0.3155}, 'final': {'corner': 0.4515, 'mob': 0.8617, 'stable': 0.3946, 'parity': 0.91, 'pos': 0.3436}}",minimax,minimax,53,64,63
"{'apertura': {'corner': 0.2389, 'mob': 0.7119, 'stable': 0.2218, 'parity': 0.4339, 'pos': 0.422}, 'medio': {'corner': 0.7299, 'mob': 0.6964, 'stable': 0.4239, 'parity': 0.4864, 'pos': 0.3715}, 'final': {'corner': 0.4815, 'mob': 0.0134, 'stable': 0.6021, 'parity': 0.118, 'pos': 0.4884}}",minimax,"{'apertura': {'corner': 0.2389, 'mob': 0.7119, 'stable': 0.2218, 'parity': 0.4339, 'pos': 0.422}, 'medio': {'corner': 0.7299, 'mob': 0.6964, 'stable': 0.4239, 'parity': 0.4864, 'pos': 0.3715}, 'final': {'corner': 0.4815, 'mob': 0.0134, 'stable': 0.6021, 'parity': 0.118, 'pos': 0.4884}}",35,63,61
"{'apertura': {'corner': 0.5094, 'mob': 0.5756, 'stable': 0.1264, 'parity': 0.045, 'pos': 0.8026}, 'medio': {'corner': 0.347, 'mob': 0.3746, 'stable': 0.1282, 'parity': 0.1994, 'pos': 0.6607}, 'final': {'corner': 0.7481, 'mob': 0.7337, 'stable': 0.7424, 'parity': 0.1794, 'pos': 0.6834}}",minimax,minimax,50,62,63
"{'apertura': {'corner': 0.655, 'mob': 0.0631, 'stable': 0.4635, 'parity': 0.2507, 'pos': 0.937}, 'medio': {'corner': 0.7454, 'mob': 0.3417, 'stable': 0.7764, 'parity': 0.351, 'pos': 0.9835}, 'final': {'corner': 0.3247, 'mob': 0.2543, 'stable': 0.0169, 'parity': 0.1175, 'pos': 0.5722}}",minimax,minimax,41,64,60
"{'apertura': {'corner': 0.2953, 'mob': 0.8869, 'stable': 0.7674, 'parity': 0.29, 'pos': 0.7727}, 'medio': {'corner': 0.4187, 'mob': 0.5084, 'stable': 0.7761, 'parity': 0.9357, 'pos': 0.1834}, 'final': {'corner': 0.5654, 'mob': 0.3533, 'stable': 0.469, 'parity': 0.5745, 'pos': 0.5671}}",minimax,minimax,43,64,60
"{'apertura': {'corner': 0.1903, 'mob': 0.2609, 'stable': 0.2503, 'parity': 0.1235, 'pos': 0.2426}, 'medio': {'corner': 0.7086, 'mob': 0.2335, 'stable': 0.1148, 'parity': 0.7523, 'pos': 0.2115}, 'final': {'corner': 0.7755, 'mob': 0.6941, 'stable': 0.5576, 'parity': 0.0319, 'pos': 0.1839}}",minimax,minimax,38,64,60
"{'apertura': {'corner': 0.4374, 'mob': 0.9471, 'stable': 0.5843, 'parity': 0.1929, 'pos': 0.5919}, 'medio': {'corner': 0.2585, 'mob': 0.4785, 'stable': 0.6613, 'parity': 0.7389, 'pos': 0.2118}, 'final': {'corner': 0.4658, 'mob': 0.4511, 'stable': 0.3109, 'parity': 0.6321, 'pos': 0.4701}}",minimax,minimax,36,64,63
"{'apertura': {'corner': 0.7476, 'mob': 0.2799, 'stable': 0.418, 'parity': 0.1755, 'pos': 0.4781}, 'medio': {'corner': 0.838, 'mob': 0.1786, 'stable': 0.7219, 'parity': 0.2061, 'pos': 0.9139}, 'final': {'corner': 0.4308, 'mob': 0.5817, 'stable': 0.4445, 'parity': 0.1002, 'pos': 0.6387}}",minimax,minimax,47,64,60
"{'apertura': {'corner': 0.4901861056257055, 'mob': 0.3788, 'stable': 0.3114, 'parity': 0.1119, 'pos': 0.1309}, 'medio': {'corner': 0.8196, 'mob': 0.1245, 'stable': 0.3911, 'parity': 0.4068, 'pos': 0.5278}, 'final': {'corner': 0.6562, 'mob': 0.8016, 'stable': 0.7148, 'parity': 0.0574, 'pos': 0.4446}}",minimax,minimax,43,64,61
"{'apertura': {'corner': 0.4181, 'mob': 0.9026, 'stable': 0.3512, 'parity': 0.2089, 'pos': 0.6121}, 'medio': {'corner': 0.4126, 'mob': 0.6927, 'stable': 0.7887, 'parity': 0.6265, 'pos': 0.2926}, 'final': {'corner': 0.4036, 'mob': 0.0277, 'stable': 0.3388, 'parity': 0.2888, 'pos': 0.4111}}",minimax,minimax,40,64,60
"{'apertura': {'corner': 0.8238, 'mob': 0.1682, 'stable': 0.4363, 'parity': 0.3465, 'pos': 0.5271}, 'medio': {'corner': 0.8602, 'mob': 0.2643, 'stable': 0.3511, 'parity': 0.3044, 'pos': 0.5195}, 'final': {'corner': 0.5004, 'mob': 0.4493, 'stable': 0.3599, 'parity': 0.7837, 'pos': 0.4539}}",minimax,minimax,54,64,60
"{'apertura': {'corner': 0.3248, 'mob': 0.9051, 'stable': 0.6112, 'parity': 0.3061, 'pos': 0.531}, 'medio': {'corner': 0.4489, 'mob': 0.2673, 'stable': 0.3771, 'parity': 0.5614, 'pos': 0.3155}, 'final': {'corner': 0.4515, 'mob': 0.8617, 'stable': 0.3946, 'parity': 0.91, 'pos': 0.3436}}",minimax,"{'apertura': {'corner': 0.3248, 'mob': 0.9051, 'stable': 0.6112, 'parity': 0.3061, 'pos': 0.531}, 'medio': {'corner': 0.4489, 'mob': 0.2673, 'stable': 0.3771, 'parity': 0.5614, 'pos': 0.3155}, 'final': {'corner': 0.4515, 'mob': 0.8617, 'stable': 0.3946, 'parity': 0.91, 'pos': 0.3436}}",33,63,59
"{'apertura': {'corner': 0.2389, 'mob': 0.7119, 'stable': 0.2218, 'parity': 0.4339, 'pos': 0.422}, 'medio': {'corner': 0.7299, 'mob': 0.6964, 'stable': 0.4239, 'parity': 0.4864, 'pos': 0.3715}, 'final': {'corner': 0.4815, 'mob': 0.0134, 'stable': 0.6021, 'parity': 0.118, 'pos': 0.4884}}",minimax,"{'apertura': {'corner': 0.2389, 'mob': 0.7119, 'stable': 0.2218, 'parity': 0.4339, 'pos': 0.422}, 'medio': {'corner': 0.7299, 'mob': 0.6964, 'stable': 0.4239, 'parity': 0.4864, 'pos': 0.3715}, 'final': {'corner': 0.4815, 'mob': 0.0134, 'stable': 0.6021, 'parity': 0.118, 'pos': 0.4884}}",40,64,61
"{'apertura': {'corner': 0.6838, 'mob': 0.9386, 'stable': 0.6551, 'parity': 0.452, 'pos': 0.8634}, 'medio': {'corner': 0.3204, 'mob': 0.4126, 'stable': 0.6409, 'parity': 0.4267, 'pos': 0.0046}, 'final': {'corner': 0.5489, 'mob': 0.1931, 'stable': 0.578, 'parity': 0.0888, 'pos': 0.4755}}",minimax,"{'apertura': {'corner': 0.6838, 'mob': 0.9386, 'stable': 0.6551, 'parity': 0.452, 'pos': 0.8634}, 'medio': {'corner': 0.3204, 'mob': 0.4126, 'stable': 0.6409, 'parity': 0.4267, 'pos': 0.0046}, 'final': {'corner': 0.5489, 'mob': 0.1931, 'stable': 0.578, 'parity': 0.0888, 'pos': 0.4755}}",45,64,60
"{'apertura': {'corner': 0.8369, 'mob': 0.2141, 'stable': 0.4918, 'parity': 0.0522, 'pos': 0.5375}, 'medio': {'corner': 0.7466, 'mob': 0.4789, 'stable': 0.0489, 'parity': 0.0527, 'pos': 0.9295}, 'final': {'corner': 0.7616, 'mob': 0.023, 'stable': 0.1983, 'parity': 0.7184, 'pos': 0.4073}}",minimax,"{'apertura': {'corner': 0.8369, 'mob': 0.2141, 'stable': 0.4918, 'parity': 0.0522, 'pos': 0.5375}, 'medio': {'corner': 0.7466, 'mob': 0.4789, 'stable': 0.0489, 'parity': 0.0527, 'pos': 0.9295}, 'final': {'corner': 0.7616, 'mob': 0.023, 'stable': 0.1983, 'parity': 0.7184, 'pos': 0.4073}}",34,63,61
"{'apertura': {'corner': 0.8402, 'mob': 0.4967, 'stable': 0.3725, 'parity': 0.1003, 'pos': 0.0192}, 'medio': {'corner': 0.9306, 'mob': 0.0155, 'stable': 0.6674, 'parity': 0.0612, 'pos': 0.8442}, 'final': {'corner': 0.5368, 'mob': 0.9091, 'stable': 0.8721, 'parity': 0.0829, 'pos': 0.7052}}",minimax,minimax,41,64,60
"{'apertura': {'corner': 0.2953, 'mob': 0.8869, 'stable': 0.7674, 'parity': 0.29, 'pos': 0.7727}, 'medio': {'corner': 0.4187, 'mob': 0.5084, 'stable': 0.7761, 'parity': 0.9357, 'pos': 0.1834}, 'final': {'corner': 0.5654, 'mob': 0.3533, 'stable': 0.469, 'parity': 0.5745, 'pos': 0.5671}}",minimax,minimax,42,64,61
"{'apertura': {'corner': 0.746, 'mob': 0.1386, 'stable': 0.4777, 'parity': 0.1515, 'pos': 0.7372}, 'medio': {'corner': 0.746, 'mob': 0.4103, 'stable': 0.4126, 'parity': 0.2018, 'pos': 0.9565}, 'final': {'corner': 0.5432, 'mob': 0.1387, 'stable': 0.1076, 'parity': 0.418, 'pos': 0.4898}}",minimax,minimax,47,61,63
"{'apertura': {'corner': 0.3382, 'mob': 0.7702339810536155, 'stable': 0.4031, 'parity': 0.3134, 'pos': 0.507}, 'medio': {'corner': 0.4942, 'mob': 0.5875, 'stable': 0.5426, 'parity': 0.6127, 'pos': 0.2916}, 'final': {'corner': 0.4737, 'mob': 0.2323, 'stable': 0.4565, 'parity': 0.375, 'pos': 0.4793}}",minimax,minimax,49,62,60
"{'apertura': {'corner': 0.655, 'mob': 0.0631, 'stable': 0.4635, 'parity': 0.2507, 'pos': 0.937}, 'medio': {'corner': 0.7454, 'mob': 0.3417, 'stable': 0.7764, 'parity': 0.351, 'pos': 0.9835}, 'final': {'corner': 0.3247, 'mob': 0.2543, 'stable': 0.0169, 'parity': 0.1175, 'pos': 0.5722}}",minimax,minimax,41,64,60
"{'apertura': {'corner': 0.1903, 'mob': 0.2609, 'stable': 0.2503, 'parity': 0.1235, 'pos': 0.2426}, 'medio': {'corner': 0.7086, 'mob': 0.2335, 'stable': 0.1148, 'parity': 0.7523, 'pos': 0.2115}, 'final': {'corner': 0.7755, 'mob': 0.6941, 'stable': 0.5576, 'parity': 0.0319, 'pos': 0.1839}}",minimax,minimax,43,64,61
"{'apertura': {'corner': 0.469413069770669, 'mob': 0.5806, 'stable': 0.5381, 'parity': 0.1225, 'pos': 0.5647}, 'medio': {'corner': 0.5026, 'mob': 0.4787, 'stable': 0.3551, 'parity': 0.3958, 'pos': 0.5706}, 'final': {'corner': 0.6137, 'mob': 0.2371, 'stable': 0.2546, 'parity': 0.6753, 'pos': 0.4387}}",minimax,minimax,54,64,60
"{'apertura': {'corner': 0.4998, 'mob': 0.4772, 'stable': 0.2189, 'parity': 0.0784, 'pos': 0.4667}, 'medio': {'corner': 0.5833, 'mob': 0.2495, 'stable': 0.2596, 'parity': 0.3031, 'pos': 0.5942}, 'final': {'corner': 0.7022, 'mob': 0.7676, 'stable': 0.7286, 'parity': 0.1184, 'pos': 0.564}}",minimax,minimax,40,64,61
"{'apertura': {'corner': 0.5152, 'mob': 0.3788, 'stable': 0.3114, 'parity': 0.1119, 'pos': 0.1309}, 'medio': {'corner': 0.8196, 'mob': 0.2443351762523135, 'stable': 0.3911, 'parity': 0.4068, 'pos': 0.5278}, 'final': {'corner': 0.6562, 'mob': 0.8016, 'stable': 0.7148, 'parity': 0.0574, 'pos': 0.4446}}",minimax,minimax,52,64,60
"{'apertura': {'corner': 0.5152, 'mob': 0.3788, 'stable': 0.3114, 'parity': 0.1119, 'pos': 0.1309}, 'medio': {'corner': 0.8196, 'mob': 0.1245, 'stable': 0.3911, 'parity': 0.4068, 'pos': 0.5278}, 'final': {'corner': 0.6562, 'mob': 0.8016, 'stable': 0.7148, 'parity': 0.0574, 'pos': 0.4446}}",minimax,minimax,47,64,61
"{'apertura': {'corner': 0.3402, 'mob': 0.3199, 'stable': 0.2809, 'parity': 0.1177, 'pos': 0.1867}, 'medio': {'corner': 0.7641, 'mob': 0.179, 'stable': 0.253, 'parity': 0.5796, 'pos': 0.3697}, 'final': {'corner': 0.7158, 'mob': 0.7479, 'stable': 0.6362, 'parity': 0.0446, 'pos': 0.3143}}",minimax,minimax,39,64,61
"{'apertura': {'corner': 0.551, 'mob': 0.9206, 'stable': 0.5031, 'parity': 0.4737602269145585, 'pos': 0.7377}, 'medio': {'corner': 0.3665, 'mob': 0.5526, 'stable': 0.7148, 'parity': 0.5266, 'pos': 0.1486}, 'final': {'corner': 0.4763, 'mob': 0.1104, 'stable': 0.4584, 'parity': 0.1888, 'pos': 0.4433}}",minimax,minimax,49,64,63
"{'apertura': {'corner': 0.3485, 'mob': 0.1274, 'stable': 0.2848, 'parity': 0.5965, 'pos': 0.619}, 'medio': {'corner': 0.5191, 'mob': 0.9982, 'stable': 0.5782, 'parity': 0.9242, 'pos': 0.3483}, 'final': {'corner': 0.4291, 'mob': 0.3184, 'stable': 0.8719, 'parity': 0.4287, 'pos': 0.3247}}",minimax,minimax,52,54,60
"{'apertura': {'corner': 0.8369, 'mob': 0.9106, 'stable': 0.2314, 'parity': 0.5099, 'pos': 0.6269}, 'medio': {'corner': 0.2705, 'mob': 0.068, 'stable': 0.4138, 'parity': 0.2697, 'pos': 0.952}, 'final': {'corner': 0.4421, 'mob': 0.2499, 'stable': 0.9639, 'parity': 0.8644, 'pos': 0.5978}}",minimax,minimax,33,63,67
"{'apertura': {'corner': 0.2498, 'mob': 0.5039, 'stable': 0.6086, 'parity': 0.9512, 'pos': 0.0216}, 'medio': {'corner': 0.2351, 'mob': 0.9158, 'stable': 0.565, 'parity': 0.7063, 'pos': 0.9886}, 'final': {'corner': 0.1877, 'mob': 0.8272, 'stable': 0.9242, 'parity': 0.7531, 'pos': 0.1087}}",minimax,minimax,53,64,60
"{'apertura': {'corner': 0.7553, 'mob': 0.8406, 'stable': 0.026, 'parity': 0.1594, 'pos': 0.6255}, 'medio': {'corner': 0.0025, 'mob': 0.1512, 'stable': 0.8237, 'parity': 0.7703, 'pos': 0.7099}, 'final': {'corner': 0.3804, 'mob': 0.9852, 'stable': 0.8516, 'parity': 0.4174, 'pos': 0.3948}}",minimax,minimax,49,64,61
"{'apertura': {'corner': 0.2504, 'mob': 0.9961, 'stable': 0.3928, 'parity': 0.2173, 'pos': 0.7654}, 'medio': {'corner': 0.8188, 'mob': 0.7411, 'stable': 0.3847, 'parity': 0.9481, 'pos': 0.1069}, 'final': {'corner': 0.8007, 'mob': 0.574, 'stable': 0.0017, 'parity': 0.2234, 'pos': 0.6852}}",minimax,minimax,43,64,60
"{'apertura': {'corner': 0.9057, 'mob': 0.072, 'stable': 0.8491, 'parity': 0.5022, 'pos': 0.7546}, 'medio': {'corner': 0.7077, 'mob': 0.2394, 'stable': 0.5365, 'parity': 0.9447, 'pos': 0.4376}, 'final': {'corner': 0.2117, 'mob': 0.5275, 'stable': 0.6217, 'parity': 0.5892, 'pos': 0.1193}}",minimax,minimax,60,61,58
"{'apertura': {'corner': 0.4096, 'mob': 0.0126, 'stable': 0.9191, 'parity': 0.7234, 'pos': 0.9212}, 'medio': {'corner': 0.0307, 'mob': 0.0177, 'stable': 0.4407, 'parity': 0.8971, 'pos': 0.731}, 'final': {'corner': 0.0569, 'mob': 0.3368, 'stable': 0.9535, 'parity': 0.0057, 'pos': 0.6505}}",minimax,minimax,60,61,58
"{'apertura': {'corner': 0.8811, 'mob': 0.3448, 'stable': 0.9238, 'parity': 0.6118, 'pos': 0.168}, 'medio': {'corner': 0.2463, 'mob': 0.6864, 'stable': 0.4075, 'parity': 0.4207, 'pos': 0.8948}, 'final': {'corner': 0.7702, 'mob': 0.3475, 'stable': 0.2639, 'parity': 0.3184, 'pos': 0.0535}}",minimax,minimax,53,61,58
"{'apertura': {'corner': 0.244, 'mob': 0.4288, 'stable': 0.3181, 'parity': 0.2264, 'pos': 0.5305}, 'medio': {'corner': 0.469, 'mob': 0.0358, 'stable': 0.9144, 'parity': 0.572, 'pos': 0.4544}, 'final': {'corner': 0.8562, 'mob': 0.2116, 'stable': 0.4235, 'parity': 0.7786, 'pos': 0.7348}}",minimax,minimax,42,62,65
"{'apertura': {'corner': 0.0368, 'mob': 0.3599, 'stable': 0.6084, 'parity': 0.6966, 'pos': 0.7825}, 'medio': {'corner': 0.0357, 'mob': 0.7523, 'stable': 0.1898, 'parity': 0.7083, 'pos': 0.8779}, 'final': {'corner': 0.9725, 'mob': 0.0401, 'stable': 0.3787, 'parity': 0.1274, 'pos': 0.1246}}",minimax,minimax,48,64,63
"{'apertura': {'corner': 0.8836, 'mob': 0.0005, 'stable': 0.329, 'parity': 0.7296, 'pos': 0.7206}, 'medio': {'corner': 0.3709, 'mob': 0.4237, 'stable': 0.1747, 'parity': 0.4089, 'pos': 0.935}, 'final': {'corner': 0.9622, 'mob': 0.3678, 'stable': 0.4029, 'parity': 0.8325, 'pos': 0.679}}",minimax,minimax,48,64,60
"{'apertura': {'corner': 0.2815, 'mob': 0.7731, 'stable': 0.6398, 'parity': 0.0098, 'pos': 0.664}, 'medio': {'corner': 0.3603, 'mob': 0.5539, 'stable': 0.0081, 'parity': 0.3391, 'pos': 0.2321}, 'final': {'corner': 0.0626, 'mob': 0.9641, 'stable': 0.099, 'parity': 0.6918, 'pos': 0.157}}",minimax,minimax,52,64,60
"{'apertura': {'corner': 0.1944, 'mob': 0.7958, 'stable': 0.3743, 'parity': 0.0967, 'pos': 0.1513}, 'medio': {'corner': 0.8745, 'mob': 0.1503, 'stable': 0.9285, 'parity': 0.7906, 'pos': 0.9501}, 'final': {'corner': 0.127, 'mob': 0.8168, 'stable': 0.0081, 'parity': 0.8943, 'pos': 0.1401}}",minimax,minimax,46,64,60
"{'apertura': {'corner': 0.0767, 'mob': 0.6503, 'stable': 0.1597, 'parity': 0.9039, 'pos': 0.0452}, 'medio': {'corner': 0.6966, 'mob': 0.1339, 'stable': 0.8834, 'parity': 0.4522, 'pos': 0.68}, 'final': {'corner': 0.4921, 'mob': 0.7597, 'stable': 0.2199, 'parity': 0.3588, 'pos': 0.0926}}",minimax,minimax,36,64,60
"{'apertura': {'corner': 0.8825, 'mob': 0.6854, 'stable': 0.6414, 'parity': 0.0775, 'pos': 0.2963}, 'medio': {'corner': 0.3994, 'mob': 0.0612, 'stable': 0.5834, 'parity': 0.9121, 'pos': 0.4839}, 'final': {'corner': 0.5345, 'mob': 0.2159, 'stable': 0.1151, 'parity': 0.582, 'pos': 0.373}}",minimax,minimax,45,64,60
"{'apertura': {'corner': 0.1174, 'mob': 0.8088, 'stable': 0.4911, 'parity': 0.9286, 'pos': 0.6801}, 'medio': {'corner': 0.3951, 'mob': 0.243, 'stable': 0.1819, 'parity': 0.1763, 'pos': 0.9631}, 'final': {'corner': 0.0213, 'mob': 0.9394, 'stable': 0.2972, 'parity': 0.6825, 'pos': 0.2206}}",minimax,minimax,46,64,60
"{'apertura': {'corner': 0.0368, 'mob': 0.3599, 'stable': 0.6084, 'parity': 0.6966, 'pos': 0.7825}, 'medio': {'corner': 0.0357, 'mob': 0.7523, 'stable': 0.1898, 'parity': 0.7083, 'pos': 0.8779}, 'final': {'corner': 0.9725, 'mob': 0.0401, 'stable': 0.3787, 'parity': 0.1274, 'pos': 0.1246}}",minimax,minimax,37,63,61
"{'apertura': {'corner': 0.1926, 'mob': 0.2437, 'stable': 0.4466, 'parity': 0.6465, 'pos': 0.7007}, 'medio': {'corner': 0.2774, 'mob': 0.8752, 'stable': 0.384, 'parity': 0.8163, 'pos': 0.6131}, 'final': {'corner': 0.7008, 'mob': 0.1793, 'stable': 0.6253, 'parity': 0.2781, 'pos': 0.2246}}",minimax,minimax,48,59,60
"{'apertura': {'corner': 0.7553, 'mob': 0.8406, 'stable': 0.026, 'parity': 0.1594, 'pos': 0.6255}, 'medio': {'corner': 0.0025, 'mob': 0.1512, 'stable': 0.8237, 'parity': 0.7703, 'pos': 0.7099}, 'final': {'corner': 0.3804, 'mob': 0.9852, 'stable': 0.8516, 'parity': 0.4174, 'pos': 0.3948}}",minimax,minimax,48,60,60
"{'apertura': {'corner': 0.616, 'mob': 0.064, 'stable': 0.3069, 'parity': 0.6631, 'pos': 0.6698}, 'medio': {'corner': 0.445, 'mob': 0.7109, 'stable': 0.3765, 'parity': 0.6665, 'pos': 0.6417}, 'final': {'corner': 0.6956, 'mob': 0.3431, 'stable': 0.6374, 'parity': 0.6306, 'pos': 0.5019}}",minimax,minimax,52,60,60
"{'apertura': {'corner': 0.2815, 'mob': 0.7731, 'stable': 0.6398, 'parity': 0.0098, 'pos': 0.664}, 'medio': {'corner': 0.3603, 'mob': 0.5539, 'stable': 0.0081, 'parity': 0.3391, 'pos': 0.2321}, 'final': {'corner': 0.0626, 'mob': 0.9641, 'stable': 0.099, 'parity': 0.6918, 'pos': 0.157}}",minimax,minimax,48,64,60
"{'apertura': {'corner': 0.2504, 'mob': 0.9961, 'stable': 0.3928, 'parity': 0.2173, 'pos': 0.7654}, 'medio': {'corner': 0.8188, 'mob': 0.7411, 'stable': 0.3847, 'parity': 0.9481, 'pos': 0.1069}, 'final': {'corner': 0.8007, 'mob': 0.574, 'stable': 0.0017, 'parity': 0.2234, 'pos': 0.6852}}",minimax,"{'apertura': {'corner': 0.2504, 'mob': 0.9961, 'stable': 0.3928, 'parity': 0.2173, 'pos': 0.7654}, 'medio': {'corner': 0.8188, 'mob': 0.7411, 'stable': 0.3847, 'parity': 0.9481, 'pos': 0.1069}, 'final': {'corner': 0.8007, 'mob': 0.574, 'stable': 0.0017, 'parity': 0.2234, 'pos': 0.6852}}",34,64,60
"{'apertura': {'corner': 0.0767, 'mob': 0.6503, 'stable': 0.1597, 'parity': 0.9039, 'pos': 0.0452}, 'medio': {'corner': 0.6966, 'mob': 0.1339, 'stable': 0.8834, 'parity': 0.4522, 'pos': 0.68}, 'final': {'corner': 0.4921, 'mob': 0.7597, 'stable': 0.2199, 'parity': 0.3588, 'pos': 0.0926}}",minimax,"{'apertura': {'corner': 0.0767, 'mob': 0.6503, 'stable': 0.1597, 'parity': 0.9039, 'pos': 0.0452}, 'medio': {'corner': 0.6966, 'mob': 0.1339, 'stable': 0.8834, 'parity': 0.4522, 'pos': 0.68}, 'final': {'corner': 0.4921, 'mob': 0.7597, 'stable': 0.2199, 'parity': 0.3588, 'pos': 0.0926}}",35,64,60
"{'apertura': {'corner': 0.5638, 'mob': 0.2147, 'stable': 0.3236, 'parity': 0.478, 'pos': 0.6256}, 'medio': {'corner': 0.4199, 'mob': 0.2298, 'stable': 0.5445, 'parity': 0.4904, 'pos': 0.6947}, 'final': {'corner': 0.9092, 'mob': 0.2897, 'stable': 0.4132, 'parity': 0.8055, 'pos': 0.7069}}",minimax,minimax,41,63,61
"{'apertura': {'corner': 0.4845557254332863, 'mob': 0.2781, 'stable': 0.3014, 'parity': 0.4114, 'pos': 0.5747}, 'medio': {'corner': 0.494, 'mob': 0.517, 'stable': 0.7463, 'parity': 0.7481, 'pos': 0.4013}, 'final': {'corner': 0.6426, 'mob': 0.265, 'stable': 0.6477, 'parity': 0.6037, 'pos': 0.5297}}",minimax,minimax,46,63,63
"{'apertura': {'corner': 0.8836, 'mob': 0.0005, 'stable': 0.329, 'parity': 0.7296, 'pos': 0.7206}, 'medio': {'corner': 0.3709, 'mob': 0.4237, 'stable': 0.1747, 'parity': 0.4089, 'pos': 0.935}, 'final': {'corner': 0.9622, 'mob': 0.3678, 'stable': 0.4029, 'parity': 0.8325, 'pos': 0.679}}",minimax,minimax,53,64,60
"{'apertura': {'corner': 0.1944, 'mob': 0.7958, 'stable': 0.3743, 'parity': 0.0967, 'pos': 0.1513}, 'medio': {'corner': 0.8745, 'mob': 0.1503, 'stable': 0.9285, 'parity': 0.7906, 'pos': 0.9501}, 'final': {'corner': 0.127, 'mob': 0.8168, 'stable': 0.0081, 'parity': 0.8943, 'pos': 0.1401}}",minimax,minimax,50,64,63
"{'apertura': {'corner': 0.8597, 'mob': 0.798, 'stable': 0.4364, 'parity': 0.2937, 'pos': 0.4616}, 'medio': {'corner': 0.3349, 'mob': 0.0646, 'stable': 0.4986, 'parity': 0.5909, 'pos': 0.7179}, 'final': {'corner': 0.4883, 'mob': 0.2329, 'stable': 0.5395, 'parity': 0.7232, 'pos': 0.4854}}",minimax,minimax,45,63,61
"{'apertura': {'corner': 0.2498, 'mob': 0.5039, 'stable': 0.6086, 'parity': 0.9512, 'pos': 0.0216}, 'medio': {'corner': 0.2351, 'mob': 0.9158, 'stable': 0.565, 'parity': 0.7063, 'pos': 0.9886}, 'final': {'corner': 0.1877, 'mob': 0.8272, 'stable': 0.9242, 'parity': 0.7531, 'pos': 0.1087}}",minimax,minimax,45,64,65
"{'apertura': {'corner': 0.1436, 'mob': 0.678, 'stable': 0.5006, 'parity': 0.4569, 'pos': 0.7739}, 'medio': {'corner': 0.4272, 'mob': 0.7467, 'stable': 0.2873, 'parity': 0.8282, 'pos': 0.4924}, 'final': {'corner': 0.8866, 'mob': 0.307, 'stable': 0.1902, 'parity': 0.1754, 'pos': 0.4049}}",minimax,"{'apertura': {'corner': 0.1436, 'mob': 0.678, 'stable': 0.5006, 'parity': 0.4569, 'pos': 0.7739}, 'medio': {'corner': 0.4272, 'mob': 0.7467, 'stable': 0.2873, 'parity': 0.8282, 'pos': 0.4924}, 'final': {'corner': 0.8866, 'mob': 0.307, 'stable': 0.1902, 'parity': 0.1754, 'pos': 0.4049}}",39,64,60
"{'apertura': {'corner': 0.5029, 'mob': 0.9183, 'stable': 0.2094, 'parity': 0.1883, 'pos': 0.6954}, 'medio': {'corner': 0.4106, 'mob': 0.4461, 'stable': 0.6042, 'parity': 0.8592, 'pos': 0.4084}, 'final': {'corner': 0.5906, 'mob': 0.7796, 'stable': 0.4267, 'parity': 0.3204, 'pos': 0.54}}",minimax,minimax,50,64,60
"{'apertura': {'corner': 0.302, 'mob': 0.4042, 'stable': 0.6467, 'parity': 0.4101, 'pos': 0.5363}, 'medio': {'corner': 0.4526, 'mob': 0.084, 'stable': 0.6846, 'parity': 0.8438, 'pos': 0.8405}, 'final': {'corner': 0.092, 'mob': 0.5768, 'stable': 0.4808, 'parity': 0.45, 'pos': 0.3953}}",minimax,minimax,49,64,60
"{'apertura': {'corner': 0.1436, 'mob': 0.678, 'stable': 0.5006, 'parity': 0.4569, 'pos': 0.7739}, 'medio': {'corner': 0.4272, 'mob': 0.7467, 'stable': 0.2873, 'parity': 0.8282, 'pos': 0.4924}, 'final': {'corner': 0.8866, 'mob': 0.307, 'stable': 0.1902, 'parity': 0.1754, 'pos': 0.4049}}",minimax,minimax,47,47,50
"{'apertura': {'corner': 0.2498, 'mob': 0.5039, 'stable': 0.6086, 'parity': 0.9512, 'pos': 0.0216}, 'medio': {'corner': 0.2351, 'mob': 0.9158, 'stable': 0.565, 'parity': 0.7063, 'pos': 0.9886}, 'final': {'corner': 0.1877, 'mob': 0.8272, 'stable': 0.9242, 'parity': 0.7531, 'pos': 0.1087}}",minimax,minimax,42,58,60
"{'apertura': {'corner': 0.1944, 'mob': 0.7958, 'stable': 0.3743, 'parity': 0.0967, 'pos': 0.1513}, 'medio': {'corner': 0.8745, 'mob': 0.1503, 'stable': 0.9285, 'parity': 0.7906, 'pos': 0.9501}, 'final': {'corner': 0.127, 'mob': 0.8168, 'stable': 0.0081, 'parity': 0.8943, 'pos': 0.1401}}",minimax,minimax,47,64,61
"{'apertura': {'corner': 0.2815, 'mob': 0.7731, 'stable': 0.6398, 'parity': 0.0098, 'pos': 0.664}, 'medio': {'corner': 0.3603, 'mob': 0.5539, 'stable': 0.0081, 'parity': 0.3391, 'pos': 0.2321}, 'final': {'corner': 0.0626, 'mob': 0.9641, 'stable': 0.099, 'parity': 0.6918, 'pos': 0.157}}",minimax,minimax,49,64,60
"{'apertura': {'corner': 0.2504, 'mob': 0.9961, 'stable': 0.3928, 'parity': 0.2173, 'pos': 0.7654}, 'medio': {'corner': 0.8188, 'mob': 0.7411, 'stable': 0.3847, 'parity': 0.9481, 'pos': 0.1069}, 'final': {'corner': 0.8007, 'mob': 0.574, 'stable': 0.0017, 'parity': 0.2234, 'pos': 0.6852}}",minimax,"{'apertura': {'corner': 0.2504, 'mob': 0.9961, 'stable': 0.3928, 'parity': 0.2173, 'pos': 0.7654}, 'medio': {'corner': 0.8188, 'mob': 0.7411, 'stable': 0.3847, 'parity': 0.9481, 'pos': 0.1069}, 'final': {'corner': 0.8007, 'mob': 0.574, 'stable': 0.0017, 'parity': 0.2234, 'pos': 0.6852}}",34,64,60
"{'apertura': {'corner': 0.5139760856577037, 'mob': 0.5209, 'stable': 0.4415, 'parity': 0.4701, 'pos': 0.5812}, 'medio': {'corner': 0.3061, 'mob': 0.4699, 'stable': 0.4413, 'parity': 0.7036, 'pos': 0.6655}, 'final': {'corner': 0.5946, 'mob': 0.2061, 'stable': 0.5824, 'parity': 0.5007, 'pos': 0.355}}",minimax,minimax,44,62,65
"{'apertura': {'corner': 0.539, 'mob': 0.3981, 'stable': 0.3517, 'parity': 0.4132, 'pos': 0.436}, 'medio': {'corner': 0.6227, 'mob': 0.287, 'stable': 0.5516, 'parity': 0.5998, 'pos': 0.9425}, 'final': {'corner': 0.5446, 'mob': 0.5923, 'stable': 0.2055, 'parity': 0.8634, 'pos': 0.4096}}",minimax,minimax,44,62,67
"{'apertura': {'corner': 0.3798, 'mob': 0.371, 'stable': 0.4038, 'parity': 0.56, 'pos': 0.7218}, 'medio': {'corner': 0.4361, 'mob': 0.7288, 'stable': 0.3319, 'parity': 0.7473, 'pos': 0.5671}, 'final': {'corner': 0.7911, 'mob': 0.3251, 'stable': 0.4138, 'parity': 0.403, 'pos': 0.4534}}",minimax,minimax,49,63,63
"{'apertura': {'corner': 0.6813, 'mob': 0.8581, 'stable': 0.3229, 'parity': 0.241, 'pos': 0.5785}, 'medio': {'corner': 0.3728, 'mob': 0.2554, 'stable': 0.5514, 'parity': 0.725, 'pos': 0.5632}, 'final': {'corner': 0.5394, 'mob': 0.5062, 'stable': 0.4831, 'parity': 0.5218, 'pos': 0.5127}}",minimax,minimax,39,63,65
"{'apertura': {'corner': 0.0767, 'mob': 0.6503, 'stable': 0.1597, 'parity': 0.9039, 'pos': 0.0452}, 'medio': {'corner': 0.6966, 'mob': 0.1339, 'stable': 0.8834, 'parity': 0.4522, 'pos': 0.68}, 'final': {'corner': 0.4921, 'mob': 0.7597, 'stable': 0.2199, 'parity': 0.3588, 'pos': 0.0926}}",minimax,minimax,46,64,61
"{'apertura': {'corner': 0.5029, 'mob': 0.9183, 'stable': 0.2094, 'parity': 0.1883, 'pos': 0.6954}, 'medio': {'corner': 0.4106, 'mob': 0.4461, 'stable': 0.6042, 'parity': 0.8592, 'pos': 0.4084}, 'final': {'corner': 0.5906, 'mob': 0.7796, 'stable': 0.4267, 'parity': 0.3204, 'pos': 0.54}}",minimax,minimax,54,64,61
"{'apertura': {'corner': 0.4739, 'mob': 0.5422, 'stable': 0.2363, 'parity': 0.4029, 'pos': 0.6631}, 'medio': {'corner': 0.1399, 'mob': 0.5132, 'stable': 0.6038, 'parity': 0.7933, 'pos': 0.6615}, 'final': {'corner': 0.5406, 'mob': 0.5822, 'stable': 0.7385, 'parity': 0.3478, 'pos': 0.3097}}",minimax,minimax,51,64,60
"{'apertura': {'corner': 0.1893, 'mob': 0.5272, 'stable': 0.4032, 'parity': 0.657, 'pos': 0.2908}, 'medio': {'corner': 0.5746, 'mob': 0.1089, 'stable': 0.784, 'parity': 0.648, 'pos': 0.7603}, 'final': {'corner': 0.292, 'mob': 0.6683, 'stable': 0.3503, 'parity': 0.4044, 'pos': 0.244}}",minimax,"{'apertura': {'corner': 0.1893, 'mob': 0.5272, 'stable': 0.4032, 'parity': 0.657, 'pos': 0.2908}, 'medio': {'corner': 0.5746, 'mob': 0.1089, 'stable': 0.784, 'parity': 0.648, 'pos': 0.7603}, 'final': {'corner': 0.292, 'mob': 0.6683, 'stable': 0.3503, 'parity': 0.4044, 'pos': 0.244}}",33,64,60
"{'apertura': {'corner': 0.2656, 'mob': 0.6385, 'stable': 0.6242, 'parity': 0.4805, 'pos': 0.3428}, 'medio': {'corner': 0.2977, 'mob': 0.7349, 'stable': 0.2865, 'parity': 0.5227, 'pos': 0.6104}, 'final': {'corner': 0.1252, 'mob': 0.8957, 'stable': 0.5116, 'parity': 0.7225, 'pos': 0.1328}}",minimax,minimax,42,64,63
"{'apertura': {'corner': 0.1156, 'mob': 0.5778, 'stable': 0.4914, 'parity': 0.3967, 'pos': 0.4669}, 'medio': {'corner': 0.4551, 'mob': 0.4513, 'stable': 0.5592, 'parity': 0.7494, 'pos': 0.914}, 'final': {'corner': 0.5497, 'mob': 0.4284, 'stable': 0.1934, 'parity': 0.5109, 'pos': 0.1323}}",minimax,minimax,46,64,61
"{'apertura': {'corner': 0.8836, 'mob': 0.0005, 'stable': 0.329, 'parity': 0.7296, 'pos': 0.7206}, 'medio': {'corner': 0.3709, 'mob': 0.4237, 'stable': 0.1747, 'parity': 0.4089, 'pos': 0.935}, 'final': {'corner': 0.9622, 'mob': 0.3678, 'stable': 0.4029, 'parity': 0.8325, 'pos': 0.679}}",minimax,minimax,45,64,60
"{'apertura': {'corner': 0.2656, 'mob': 0.6385, 'stable': 0.6242, 'parity': 0.4805, 'pos': 0.3428}, 'medio': {'corner': 0.2977, 'mob': 0.7349, 'stable': 0.2865, 'parity': 0.5227, 'pos': 0.6104}, 'final': {'corner': 0.1252, 'mob': 0.8957, 'stable': 0.5116, 'parity': 0.7225, 'pos': 0.1328}}",minimax,minimax,50,64,60
"{'apertura': {'corner': 0.1893, 'mob': 0.5272, 'stable': 0.4032, 'parity': 0.657, 'pos': 0.2908}, 'medio': {'corner': 0.5746, 'mob': 0.1089, 'stable': 0.784, 'parity': 0.648, 'pos': 0.7603}, 'final': {'corner': 0.292, 'mob': 0.6683, 'stable': 0.3503, 'parity': 0.4044, 'pos': 0.244}}",minimax,minimax,40,64,60
"{'apertura': {'corner': 0.0767, 'mob': 0.6503, 'stable': 0.1597, 'parity': 0.9039, 'pos': 0.0452}, 'medio': {'corner': 0.6966, 'mob': 0.1339, 'stable': 0.8834, 'parity': 0.4522, 'pos': 0.68}, 'final': {'corner': 0.4921, 'mob': 0.7597, 'stable': 0.2199, 'parity': 0.3588, 'pos': 0.0926}}",minimax,"{'apertura': {'corner': 0.0767, 'mob': 0.6503, 'stable': 0.1597, 'parity': 0.9039, 'pos': 0.0452}, 'medio': {'corner': 0.6966, 'mob': 0.1339, 'stable': 0.8834, 'parity': 0.4522, 'pos': 0.68}, 'final': {'corner': 0.4921, 'mob': 0.7597, 'stable': 0.2199, 'parity': 0.3588, 'pos': 0.0926}}",43,64,60
"{'apertura': {'corner': 0.4739, 'mob': 0.5422, 'stable': 0.2363, 'parity': 0.4029, 'pos': 0.6631}, 'medio': {'corner': 0.1399, 'mob': 0.5132, 'stable': 0.6038, 'parity': 0.7933, 'pos': 0.6615}, 'final': {'corner': 0.5406, 'mob': 0.5822, 'stable': 0.7385, 'parity': 0.3478, 'pos': 0.3097}}",minimax,minimax,50,64,60
"{'apertura': {'corner': 0.5029, 'mob': 0.9183, 'stable': 0.2094, 'parity': 0.1883, 'pos': 0.6954}, 'medio': {'corner': 0.4106, 'mob': 0.4461, 'stable': 0.6042, 'parity': 0.8592, 'pos': 0.4084}, 'final': {'corner': 0.5906, 'mob': 0.7796, 'stable': 0.4267, 'parity': 0.3204, 'pos': 0.54}}",minimax,"{'apertura': {'corner': 0.5029, 'mob': 0.9183, 'stable': 0.2094, 'parity': 0.1883, 'pos': 0.6954}, 'medio': {'corner': 0.4106, 'mob': 0.4461, 'stable': 0.6042, 'parity': 0.8592, 'pos': 0.4084}, 'final': {'corner': 0.5906, 'mob': 0.7796, 'stable': 0.4267, 'parity': 0.3204, 'pos': 0.54}}",39,63,63
"{'apertura': {'corner': 0.521, 'mob': 0.6582, 'stable': 0.2806, 'parity': 0.3008, 'pos': 0.6642320512457562}, 'medio': {'corner': 0.5167, 'mob': 0.3665, 'stable': 0.5779, 'parity': 0.7295, 'pos': 0.6754}, 'final': {'corner': 0.5676, 'mob': 0.686, 'stable': 0.3161, 'parity': 0.5919, 'pos': 0.4748}}",minimax,minimax,46,63,61
"{'apertura': {'corner': 0.1944, 'mob': 0.7958, 'stable': 0.3743, 'parity': 0.0967, 'pos': 0.1513}, 'medio': {'corner': 0.8745, 'mob': 0.1503, 'stable': 0.9285, 'parity': 0.7906, 'pos': 0.9501}, 'final': {'corner': 0.127, 'mob': 0.8168, 'stable': 0.0081, 'parity': 0.8943, 'pos': 0.1401}}",minimax,minimax,48,64,60
"{'apertura': {'corner': 0.2815, 'mob': 0.7731, 'stable': 0.6398, 'parity': 0.0098, 'pos': 0.664}, 'medio': {'corner': 0.3603, 'mob': 0.5539, 'stable': 0.0081, 'parity': 0.3391, 'pos': 0.2321}, 'final': {'corner': 0.0626, 'mob': 0.9641, 'stable': 0.099, 'parity': 0.6918, 'pos': 0.157}}",minimax,minimax,45,64,60
"{'apertura': {'corner': 0.2504, 'mob': 0.9961, 'stable': 0.3928, 'parity': 0.2173, 'pos': 0.7654}, 'medio': {'corner': 0.8188, 'mob': 0.7411, 'stable': 0.3847, 'parity': 0.9481, 'pos': 0.1069}, 'final': {'corner': 0.8007, 'mob': 0.574, 'stable': 0.0017, 'parity': 0.2234, 'pos': 0.6852}}",minimax,minimax,35,64,60
"{'apertura': {'corner': 0.2871, 'mob': 0.5834, 'stable': 0.3891, 'parity': 0.3284, 'pos': 0.4365}, 'medio': {'corner': 0.6553, 'mob': 0.4395, 'stable': 0.6302, 'parity': 0.769, 'pos': 0.7586}, 'final': {'corner': 0.4591, 'mob': 0.5709, 'stable': 0.2109, 'parity': 0.6486, 'pos': 0.2968}}",minimax,"{'apertura': {'corner': 0.2871, 'mob': 0.5834, 'stable': 0.3891, 'parity': 0.3284, 'pos': 0.4365}, 'medio': {'corner': 0.6553, 'mob': 0.4395, 'stable': 0.6302, 'parity': 0.769, 'pos': 0.7586}, 'final': {'corner': 0.4591, 'mob': 0.5709, 'stable': 0.2109, 'parity': 0.6486, 'pos': 0.2968}}",33,64,62
"{'apertura': {'corner': 0.4103, 'mob': 0.5856, 'stable': 0.4958, 'parity': 0.2115, 'pos': 0.55}, 'medio': {'corner': 0.4915, 'mob': 0.4204, 'stable': 0.2798, 'parity': 0.4695, 'pos': 0.5873}, 'final': {'corner': 0.3036, 'mob': 0.7782, 'stable': 0.1522, 'parity': 0.7776, 'pos': 0.2833}}",minimax,"{'apertura': {'corner': 0.4103, 'mob': 0.5856, 'stable': 0.4958, 'parity': 0.2115, 'pos': 0.55}, 'medio': {'corner': 0.4915, 'mob': 0.4204, 'stable': 0.2798, 'parity': 0.4695, 'pos': 0.5873}, 'final': {'corner': 0.3036, 'mob': 0.7782, 'stable': 0.1522, 'parity': 0.7776, 'pos': 0.2833}}",35,64,62
"{'apertura': {'corner': 0.3413, 'mob': 0.5381, 'stable': 0.4262, 'parity': 0.435, 'pos': 0.6049}, 'medio': {'corner': 0.525, 'mob': 0.5169, 'stable': 0.4194, 'parity': 0.714, 'pos': 0.7175}, 'final': {'corner': 0.7156, 'mob': 0.4496, 'stable': 0.1978, 'parity': 0.5194, 'pos': 0.4073}}",minimax,minimax,46,64,60
"{'apertura': {'corner': 0.4379, 'mob': 0.8269, 'stable': 0.3486, 'parity': 0.1689, 'pos': 0.3649}, 'medio': {'corner': 0.6237, 'mob': 0.2029, 'stable': 0.7399, 'parity': 0.7578, 'pos': 0.7567}, 'final': {'corner': 0.3332, 'mob': 0.6615, 'stable': 0.2456, 'parity': 0.7081, 'pos': 0.3264}}",minimax,minimax,55,64,60
"{'apertura': {'corner': 0.3898, 'mob': 0.5797, 'stable': 0.5329, 'parity': 0.4753, 'pos': 0.462}, 'medio': {'corner': 0.3019, 'mob': 0.6024, 'stable': 0.3639, 'parity': 0.6132, 'pos': 0.638}, 'final': {'corner': 0.3599, 'mob': 0.7402756485432151, 'stable': 0.547, 'parity': 0.6116, 'pos': 0.2439}}",minimax,minimax,43,64,60
"{'apertura': {'corner': 0.2354, 'mob': 0.6502, 'stable': 0.5215, 'parity': 0.3334, 'pos': 0.4774}, 'medio': {'corner': 0.4675, 'mob': 0.3314, 'stable': 0.3961, 'parity': 0.4936, 'pos': 0.4962}, 'final': {'corner': 0.1773, 'mob': 0.8162, 'stable': 0.2247, 'parity': 0.5481, 'pos': 0.2005}}",minimax,minimax,47,64,60
"{'apertura': {'corner': 0.6101, 'mob': 0.6281, 'stable': 0.3373, 'parity': 0.3271, 'pos': 0.5072}, 'medio': {'corner': 0.4978, 'mob': 0.2712, 'stable': 0.5515, 'parity': 0.6624, 'pos': 0.7529}, 'final': {'corner': 0.542, 'mob': 0.5493, 'stable': 0.3443, 'parity': 0.6926, 'pos': 0.4612}}",minimax,minimax,34,64,60
"{'apertura': {'corner': 0.1944, 'mob': 0.7958, 'stable': 0.3743, 'parity': 0.0967, 'pos': 0.1513}, 'medio': {'corner': 0.8745, 'mob': 0.1503, 'stable': 0.9285, 'parity': 0.7906, 'pos': 0.9501}, 'final': {'corner': 0.127, 'mob': 0.8168, 'stable': 0.0081, 'parity': 0.8943, 'pos': 0.1401}}",minimax,minimax,48,64,60
"{'apertura': {'corner': 0.4739, 'mob': 0.5422, 'stable': 0.2363, 'parity': 0.4029, 'pos': 0.6631}, 'medio': {'corner': 0.1399, 'mob': 0.5132, 'stable': 0.6038, 'parity': 0.7933, 'pos': 0.6615}, 'final': {'corner': 0.5406, 'mob': 0.5822, 'stable': 0.7385, 'parity': 0.3478, 'pos': 0.3097}}",minimax,minimax,41,64,68
"{'apertura': {'corner': 0.0767, 'mob': 0.6503, 'stable': 0.1597, 'parity': 0.9039, 'pos': 0.0452}, 'medio': {'corner': 0.6966, 'mob': 0.1339, 'stable': 0.8834, 'parity': 0.4522, 'pos': 0.68}, 'final': {'corner': 0.4921, 'mob': 0.7597, 'stable': 0.2199, 'parity': 0.3588, 'pos': 0.0926}}",minimax,minimax,51,60,60
"{'apertura': {'corner': 0.4103, 'mob': 0.5856, 'stable': 0.4958, 'parity': 0.2115, 'pos': 0.55}, 'medio': {'corner': 0.4915, 'mob': 0.4204, 'stable': 0.2798, 'parity': 0.4695, 'pos': 0.5873}, 'final': {'corner': 0.3036, 'mob': 0.7782, 'stable': 0.1522, 'parity': 0.7776, 'pos': 0.2833}}",minimax,"{'apertura': {'corner': 0.4103, 'mob': 0.5856, 'stable': 0.4958, 'parity': 0.2115, 'pos': 0.55}, 'medio': {'corner': 0.4915, 'mob': 0.4204, 'stable': 0.2798, 'parity': 0.4695, 'pos': 0.5873}, 'final': {'corner': 0.3036, 'mob': 0.7782, 'stable': 0.1522, 'parity': 0.7776, 'pos': 0.2833}}",41,62,60
"{'apertura': {'corner': 0.2895, 'mob': 0.5534, 'stable': 0.4681, 'parity': 0.5662, 'pos': 0.3764}, 'medio': {'corner': 0.4383, 'mob': 0.3557, 'stable': 0.5739, 'parity': 0.6306, 'pos': 0.6991}, 'final': {'corner': 0.3259, 'mob': 0.7043, 'stable': 0.4486, 'parity': 0.508, 'pos': 0.244}}",minimax,"{'apertura': {'corner': 0.2895, 'mob': 0.5534, 'stable': 0.4681, 'parity': 0.5662, 'pos': 0.3764}, 'medio': {'corner': 0.4383, 'mob': 0.3557, 'stable': 0.5739, 'parity': 0.6306, 'pos': 0.6991}, 'final': {'corner': 0.3259, 'mob': 0.7043, 'stable': 0.4486, 'parity': 0.508, 'pos': 0.244}}",49,63,60
"{'apertura': {'corner': 0.2656, 'mob': 0.6385, 'stable': 0.6242, 'parity': 0.4805, 'pos': 0.3428}, 'medio': {'corner': 0.2977, 'mob': 0.7349, 'stable': 0.2865, 'parity': 0.5227, 'pos': 0.6104}, 'final': {'corner': 0.1252, 'mob': 0.8957, 'stable': 0.5116, 'parity': 0.7225, 'pos': 0.1328}}",minimax,minimax,54,64,60
"{'apertura': {'corner': 0.3304, 'mob': 0.7909, 'stable': 0.4443, 'parity': 0.2144, 'pos': 0.6577}, 'medio': {'corner': 0.6552, 'mob': 0.5807, 'stable': 0.3322, 'parity': 0.7088, 'pos': 0.3471}, 'final': {'corner': 0.5521, 'mob': 0.6761, 'stable': 0.077, 'parity': 0.5005, 'pos': 0.4843}}",minimax,minimax,50,64,60
"{'apertura': {'corner': 0.2871, 'mob': 0.5834, 'stable': 0.3891, 'parity': 0.3284, 'pos': 0.4365}, 'medio': {'corner': 0.6553, 'mob': 0.4395, 'stable': 0.6302, 'parity': 0.769, 'pos': 0.7586}, 'final': {'corner': 0.4591, 'mob': 0.5709, 'stable': 0.2109, 'parity': 0.6486, 'pos': 0.2968}}",minimax,minimax,36,64,61
"{'apertura': {'corner': 0.1893, 'mob': 0.5272, 'stable': 0.4032, 'parity': 0.657, 'pos': 0.2908}, 'medio': {'corner': 0.5746, 'mob': 0.1089, 'stable': 0.784, 'parity': 0.648, 'pos': 0.7603}, 'final': {'corner': 0.292, 'mob': 0.6683, 'stable': 0.3503, 'parity': 0.4044, 'pos': 0.244}}",minimax,minimax,35,63,65
"{'apertura': {'corner': 0.2379, 'mob': 0.7844, 'stable': 0.5071, 'parity': 0.0532, 'pos': 0.4077}, 'medio': {'corner': 0.6174, 'mob': 0.3521, 'stable': 0.4683, 'parity': 0.5648, 'pos': 0.5911}, 'final': {'corner': 0.0948, 'mob': 0.8904, 'stable': 0.0536, 'parity': 0.7931, 'pos': 0.1486}}",minimax,minimax,50,64,60
"{'apertura': {'corner': 0.3034, 'mob': 0.5883, 'stable': 0.5252, 'parity': 0.2586118012263381, 'pos': 0.4738}, 'medio': {'corner': 0.4113, 'mob': 0.6259, 'stable': 0.3529, 'parity': 0.6183, 'pos': 0.664}, 'final': {'corner': 0.4204, 'mob': 0.6726, 'stable': 0.3547, 'parity': 0.621, 'pos': 0.2701}}",minimax,minimax,45,63,61
"{'apertura': {'corner': 0.4757, 'mob': 0.5831, 'stable': 0.3818, 'parity': 0.381, 'pos': 0.556}, 'medio': {'corner': 0.5114, 'mob': 0.3941, 'stable': 0.4854, 'parity': 0.6882, 'pos': 0.7352}, 'final': {'corner': 0.6288, 'mob': 0.4995, 'stable': 0.2711, 'parity': 0.606, 'pos': 0.4343}}",minimax,minimax,36,64,60
"{'apertura': {'corner': 0.4022, 'mob': 0.7119, 'stable': 0.3558, 'parity': 0.2119, 'pos': 0.3292}, 'medio': {'corner': 0.6862, 'mob': 0.2107, 'stable': 0.74, 'parity': 0.7265, 'pos': 0.8515}, 'final': {'corner': 0.3345, 'mob': 0.683, 'stable': 0.1762, 'parity': 0.7934, 'pos': 0.3006}}",minimax,minimax,54,64,60
"{'apertura': {'corner': 0.2332, 'mob': 0.615, 'stable': 0.3463, 'parity': 0.6896, 'pos': 0.2536}, 'medio': {'corner': 0.4992, 'mob': 0.3682, 'stable': 0.6237, 'parity': 0.5327, 'pos': 0.659}, 'final': {'corner': 0.426, 'mob': 0.75, 'stable': 0.3835, 'parity': 0.4852, 'pos': 0.1683}}",minimax,minimax,39,64,65
"{'apertura': {'corner': 0.3434, 'mob': 0.6392, 'stable': 0.3478235062765584, 'parity': 0.6155, 'pos': 0.2762}, 'medio': {'corner': 0.5972, 'mob': 0.2026, 'stable': 0.7174, 'parity': 0.5573, 'pos': 0.7165}, 'final': {'corner': 0.5171, 'mob': 0.6545, 'stable': 0.2821, 'parity': 0.5257, 'pos': 0.2769}}",minimax,minimax,45,64,60
"{'apertura': {'corner': 0.5029, 'mob': 0.9183, 'stable': 0.2094, 'parity': 0.1883, 'pos': 0.6954}, 'medio': {'corner': 0.4106, 'mob': 0.4461, 'stable': 0.6042, 'parity': 0.8592, 'pos': 0.4084}, 'final': {'corner': 0.5906, 'mob': 0.7796, 'stable': 0.4267, 'parity': 0.3204, 'pos': 0.54}}",minimax,minimax,54,64,60
"{'apertura': {'corner': 0.1944, 'mob': 0.7958, 'stable': 0.3743, 'parity': 0.0967, 'pos': 0.1513}, 'medio': {'corner': 0.8745, 'mob': 0.1503, 'stable': 0.9285, 'parity': 0.7906, 'pos': 0.9501}, 'final': {'corner': 0.127, 'mob': 0.8168, 'stable': 0.0081, 'parity': 0.8943, 'pos': 0.1401}}",minimax,minimax,48,64,60
"{'apertura': {'corner': 0.2898, 'mob': 0.7843, 'stable': 0.1845, 'parity': 0.5461, 'pos': 0.3703}, 'medio': {'corner': 0.5536, 'mob': 0.29, 'stable': 0.7438, 'parity': 0.6557, 'pos': 0.5442}, 'final': {'corner': 0.5413, 'mob': 0.7696, 'stable': 0.3233, 'parity': 0.3396, 'pos': 0.3163}}",minimax,minimax,54,62,60
"{'apertura': {'corner': 0.4103, 'mob': 0.5856, 'stable': 0.4958, 'parity': 0.2115, 'pos': 0.55}, 'medio': {'corner': 0.4915, 'mob': 0.4204, 'stable': 0.2798, 'parity': 0.4695, 'pos': 0.5873}, 'final': {'corner': 0.3036, 'mob': 0.7782, 'stable': 0.1522, 'parity': 0.7776, 'pos': 0.2833}}",minimax,"{'apertura': {'corner': 0.4103, 'mob': 0.5856, 'stable': 0.4958, 'parity': 0.2115, 'pos': 0.55}, 'medio': {'corner': 0.4915, 'mob': 0.4204, 'stable': 0.2798, 'parity': 0.4695, 'pos': 0.5873}, 'final': {'corner': 0.3036, 'mob': 0.7782, 'stable': 0.1522, 'parity': 0.7776, 'pos': 0.2833}}",43,64,60
"{'apertura': {'corner': 0.2895, 'mob': 0.5534, 'stable': 0.4681, 'parity': 0.5662, 'pos': 0.3764}, 'medio': {'corner': 0.4383, 'mob': 0.3557, 'stable': 0.5739, 'parity': 0.6306, 'pos': 0.6991}, 'final': {'corner': 0.3259, 'mob': 0.7043, 'stable': 0.4486, 'parity': 0.508, 'pos': 0.244}}",minimax,minimax,51,64,60
"{'apertura': {'corner': 0.4739, 'mob': 0.5422, 'stable': 0.2363, 'parity': 0.4029, 'pos': 0.6631}, 'medio': {'corner': 0.1399, 'mob': 0.5132, 'stable': 0.6038, 'parity': 0.7933, 'pos': 0.6615}, 'final': {'corner': 0.5406, 'mob': 0.5822, 'stable': 0.7385, 'parity': 0.3478, 'pos': 0.3097}}",minimax,minimax,54,64,60
"{'apertura': {'corner': 0.2408, 'mob': 0.6896, 'stable': 0.3817, 'parity': 0.2322242047401596, 'pos': 0.2939}, 'medio': {'corner': 0.7649, 'mob': 0.2949, 'stable': 0.7793, 'parity': 0.7798, 'pos': 0.8543}, 'final': {'corner': 0.2931, 'mob': 0.6938, 'stable': 0.1095, 'parity': 0.7714, 'pos': 0.2185}}",minimax,minimax,50,62,60
"{'apertura': {'corner': 0.3304, 'mob': 0.7909, 'stable': 0.4443, 'parity': 0.2144, 'pos': 0.6577}, 'medio': {'corner': 0.6552, 'mob': 0.5807, 'stable': 0.3322, 'parity': 0.7088, 'pos': 0.3471}, 'final': {'corner': 0.5521, 'mob': 0.6761, 'stable': 0.077, 'parity': 0.5005, 'pos': 0.4843}}",minimax,minimax,47,64,63
"{'apertura': {'corner': 0.3447, 'mob': 0.6477, 'stable': 0.3725, 'parity': 0.2702, 'pos': 0.3829}, 'medio': {'corner': 0.6707, 'mob': 0.3251, 'stable': 0.6851, 'parity': 0.7478, 'pos': 0.8051}, 'final': {'corner': 0.3968, 'mob': 0.627, 'stable': 0.1935, 'parity': 0.721, 'pos': 0.2987}}",minimax,minimax,40,64,60
"{'apertura': {'corner': 0.4526, 'mob': 0.8151, 'stable': 0.2826, 'parity': 0.2001, 'pos': 0.5123}, 'medio': {'corner': 0.5484, 'mob': 0.3284, 'stable': 0.6721, 'parity': 0.7929, 'pos': 0.63}, 'final': {'corner': 0.4626, 'mob': 0.7313, 'stable': 0.3014, 'parity': 0.5569, 'pos': 0.4203}}",minimax,minimax,43,64,60
"{'apertura': {'corner': 0.2419, 'mob': 0.6746, 'stable': 0.4212, 'parity': 0.3315, 'pos': 0.2639}, 'medio': {'corner': 0.6564, 'mob': 0.253, 'stable': 0.7512, 'parity': 0.7106, 'pos': 0.8246}, 'final': {'corner': 0.2265, 'mob': 0.7606, 'stable': 0.2283, 'parity': 0.7011, 'pos': 0.192}}",minimax,minimax,42,64,60
"{'apertura': {'corner': 0.2656, 'mob': 0.6385, 'stable': 0.6242, 'parity': 0.4805, 'pos': 0.3428}, 'medio': {'corner': 0.2977, 'mob': 0.7349, 'stable': 0.2865, 'parity': 0.5227, 'pos': 0.6104}, 'final': {'corner': 0.1252, 'mob': 0.8957, 'stable': 0.5116, 'parity': 0.7225, 'pos': 0.1328}}",minimax,minimax,51,64,60
"{'apertura': {'corner': 0.4526, 'mob': 0.8151, 'stable': 0.2826, 'parity': 0.2001, 'pos': 0.5123}, 'medio': {'corner': 0.5484, 'mob': 0.3284, 'stable': 0.6721, 'parity': 0.7929, 'pos': 0.63}, 'final': {'corner': 0.4626, 'mob': 0.7313, 'stable': 0.3014, 'parity': 0.5569, 'pos': 0.4203}}",minimax,minimax,37,64,60
"{'apertura': {'corner': 0.2379, 'mob': 0.7844, 'stable': 0.5071, 'parity': 0.0532, 'pos': 0.4077}, 'medio': {'corner': 0.6174, 'mob': 0.3521, 'stable': 0.4683, 'parity': 0.5648, 'pos': 0.5911}, 'final': {'corner': 0.0948, 'mob': 0.8904, 'stable': 0.0536, 'parity': 0.7931, 'pos': 0.1486}}",minimax,minimax,35,64,60
"{'apertura': {'corner': 0.2871, 'mob': 0.5834, 'stable': 0.3891, 'parity': 0.3284, 'pos': 0.4365}, 'medio': {'corner': 0.6553, 'mob': 0.4395, 'stable': 0.6302, 'parity': 0.769, 'pos': 0.7586}, 'final': {'corner': 0.4591, 'mob': 0.5709, 'stable': 0.2109, 'parity': 0.6486, 'pos': 0.2968}}",minimax,minimax,48,64,61
"{'apertura': {'corner': 0.2419, 'mob': 0.6746, 'stable': 0.4212, 'parity': 0.3315, 'pos': 0.2639}, 'medio': {'corner': 0.6564, 'mob': 0.253, 'stable': 0.7512, 'parity': 0.7106, 'pos': 0.8246}, 'final': {'corner': 0.2265, 'mob': 0.7606, 'stable': 0.2283, 'parity': 0.7011, 'pos': 0.192}}",minimax,minimax,43,64,61
"{'apertura': {'corner': 0.1846799798846553, 'mob': 0.6839, 'stable': 0.4481, 'parity': 0.1908, 'pos': 0.4221}, 'medio': {'corner': 0.6363, 'mob': 0.3958, 'stable': 0.5493, 'parity': 0.6669, 'pos': 0.6748}, 'final': {'corner': 0.277, 'mob': 0.7307, 'stable': 0.1323, 'parity': 0.7208, 'pos': 0.2227}}",minimax,minimax,47,64,60
"{'apertura': {'corner': 0.4103, 'mob': 0.5856, 'stable': 0.4958, 'parity': 0.2115, 'pos': 0.55}, 'medio': {'corner': 0.4915, 'mob': 0.4204, 'stable': 0.2798, 'parity': 0.4695, 'pos': 0.5873}, 'final': {'corner': 0.3036, 'mob': 0.7782, 'stable': 0.1522, 'parity': 0.7776, 'pos': 0.2833}}",minimax,"{'apertura': {'corner': 0.4103, 'mob': 0.5856, 'stable': 0.4958, 'parity': 0.2115, 'pos': 0.55}, 'medio': {'corner': 0.4915, 'mob': 0.4204, 'stable': 0.2798, 'parity': 0.4695, 'pos': 0.5873}, 'final': {'corner': 0.3036, 'mob': 0.7782, 'stable': 0.1522, 'parity': 0.7776, 'pos': 0.2833}}",44,63,59
"{'apertura': {'corner': 0.3088, 'mob': 0.6872, 'stable': 0.4167, 'parity': 0.2714, 'pos': 0.5471}, 'medio': {'corner': 0.6552, 'mob': 0.5101, 'stable': 0.4812, 'parity': 0.7389, 'pos': 0.5529}, 'final': {'corner': 0.5056, 'mob': 0.6235, 'stable': 0.1439, 'parity': 0.5745, 'pos': 0.3906}}",minimax,"{'apertura': {'corner': 0.3088, 'mob': 0.6872, 'stable': 0.4167, 'parity': 0.2714, 'pos': 0.5471}, 'medio': {'corner': 0.6552, 'mob': 0.5101, 'stable': 0.4812, 'parity': 0.7389, 'pos': 0.5529}, 'final': {'corner': 0.5056, 'mob': 0.6235, 'stable': 0.1439, 'parity': 0.5745, 'pos': 0.3906}}",33,63,60
"{'apertura': {'corner': 0.3304, 'mob': 0.7909, 'stable': 0.4443, 'parity': 0.2144, 'pos': 0.6577}, 'medio': {'corner': 0.6552, 'mob': 0.5807, 'stable': 0.3322, 'parity': 0.7088, 'pos': 0.3471}, 'final': {'corner': 0.5521, 'mob': 0.6761, 'stable': 0.077, 'parity': 0.5005, 'pos': 0.4843}}",minimax,minimax,48,64,60
"{'apertura': {'corner': 0.4739, 'mob': 0.5422, 'stable': 0.2363, 'parity': 0.4029, 'pos': 0.6631}, 'medio': {'corner': 0.1399, 'mob': 0.5132, 'stable': 0.6038, 'parity': 0.7933, 'pos': 0.6615}, 'final': {'corner': 0.5406, 'mob': 0.5822, 'stable': 0.7385, 'parity': 0.3478, 'pos': 0.3097}}",minimax,minimax,37,64,60
"{'apertura': {'corner': 0.3447, 'mob': 0.6477, 'stable': 0.3725, 'parity': 0.2702, 'pos': 0.3829}, 'medio': {'corner': 0.6707, 'mob': 0.3251, 'stable': 0.6851, 'parity': 0.7478, 'pos': 0.8051}, 'final': {'corner': 0.3968, 'mob': 0.627, 'stable': 0.1935, 'parity': 0.721, 'pos': 0.2987}}",minimax,minimax,42,63,59
"{'apertura': {'corner': 0.06555530843337166, 'mob': 0.7398, 'stable': 0.4112, 'parity': 0.1437, 'pos': 0.2867}, 'medio': {'corner': 0.7554, 'mob': 0.2731, 'stable': 0.7389, 'parity': 0.7288, 'pos': 0.8124}, 'final': {'corner': 0.202, 'mob': 0.7737, 'stable': 0.0702, 'parity': 0.8075, 'pos': 0.1814}}",minimax,minimax,46,62,61
"{'apertura': {'corner': 0.2176, 'mob': 0.7427, 'stable': 0.378, 'parity': 0.1645, 'pos': 0.2226}, 'medio': {'corner': 0.8197, 'mob': 0.2226, 'stable': 0.8539, 'parity': 0.7852, 'pos': 0.9022}, 'final': {'corner': 0.2101, 'mob': 0.7553, 'stable': 0.0588, 'parity': 0.8328, 'pos': 0.1793}}",minimax,minimax,34,64,65
"{'apertura': {'corner': 0.3574, 'mob': 0.6159, 'stable': 0.309, 'parity': 0.3176, 'pos': 0.4785}, 'medio': {'corner': 0.4524, 'mob': 0.4041, 'stable': 0.6915, 'parity': 0.7866, 'pos': 0.7579}, 'final': {'corner': 0.4168, 'mob': 0.638, 'stable': 0.424, 'parity': 0.5596, 'pos': 0.2641}}",minimax,minimax,40,63,59
"{'apertura': {'corner': 0.2399, 'mob': 0.7295, 'stable': 0.4642, 'parity': 0.1924, 'pos': 0.3358}, 'medio': {'corner': 0.6369, 'mob': 0.3025, 'stable': 0.6098, 'parity': 0.6377, 'pos': 0.7078}, 'final': {'corner': 0.1607, 'mob': 0.8255, 'stable': 0.1409, 'parity': 0.7471, 'pos': 0.1703}}",minimax,minimax,33,63,67
"{'apertura': {'corner': 0.1944, 'mob': 0.7958, 'stable': 0.3743, 'parity': 0.0967, 'pos': 0.1513}, 'medio': {'corner': 0.8745, 'mob': 0.1503, 'stable': 0.9285, 'parity': 0.7906, 'pos': 0.9501}, 'final': {'corner': 0.127, 'mob': 0.8168, 'stable': 0.0081, 'parity': 0.8943, 'pos': 0.1401}}",minimax,minimax,51,63,61
"{'apertura': {'corner': 0.2419, 'mob': 0.6746, 'stable': 0.4212, 'parity': 0.3315, 'pos': 0.2639}, 'medio': {'corner': 0.6564, 'mob': 0.253, 'stable': 0.7512, 'parity': 0.7106, 'pos': 0.8246}, 'final': {'corner': 0.2265, 'mob': 0.7606, 'stable': 0.2283, 'parity': 0.7011, 'pos': 0.192}}",minimax,minimax,50,64,60
"{'apertura': {'corner': 0.2625, 'mob': 0.6839, 'stable': 0.4481, 'parity': 0.1908, 'pos': 0.4221}, 'medio': {'corner': 0.6363, 'mob': 0.3958, 'stable': 0.5493, 'parity': 0.6669, 'pos': 0.6748}, 'final': {'corner': 0.277, 'mob': 0.7307, 'stable': 0.1323, 'parity': 0.6404566203097031, 'pos': 0.2227}}",minimax,minimax,50,64,60
"{'apertura': {'corner': 0.4526, 'mob': 0.8151, 'stable': 0.2826, 'parity': 0.2001, 'pos': 0.5123}, 'medio': {'corner': 0.5484, 'mob': 0.3284, 'stable': 0.6721, 'parity': 0.7929, 'pos': 0.63}, 'final': {'corner': 0.4626, 'mob': 0.7313, 'stable': 0.3014, 'parity': 0.5569, 'pos': 0.4203}}",minimax,minimax,45,64,60
"{'apertura': {'corner': 0.3704, 'mob': 0.6883, 'stable': 0.47, 'parity': 0.213, 'pos': 0.6038}, 'medio': {'corner': 0.5734, 'mob': 0.5006, 'stable': 0.306, 'parity': 0.5891, 'pos': 0.4672}, 'final': {'corner': 0.4279, 'mob': 0.7271, 'stable': 0.1146, 'parity': 0.639, 'pos': 0.3838}}",minimax,minimax,40,64,60
"{'apertura': {'corner': 0.2895, 'mob': 0.5534, 'stable': 0.4681, 'parity': 0.5662, 'pos': 0.3764}, 'medio': {'corner': 0.4383, 'mob': 0.3557, 'stable': 0.5739, 'parity': 0.6306, 'pos': 0.6991}, 'final': {'corner': 0.3259, 'mob': 0.7043, 'stable': 0.4486, 'parity': 0.508, 'pos': 0.244}}",minimax,"{'apertura': {'corner': 0.2895, 'mob': 0.5534, 'stable': 0.4681, 'parity': 0.5662, 'pos': 0.3764}, 'medio': {'corner': 0.4383, 'mob': 0.3557, 'stable': 0.5739, 'parity': 0.6306, 'pos': 0.6991}, 'final': {'corner': 0.3259, 'mob': 0.7043, 'stable': 0.4486, 'parity': 0.508, 'pos': 0.244}}",37,64,60
"{'apertura': {'corner': 0.2763, 'mob': 0.6109, 'stable': 0.5067, 'parity': 0.4044, 'pos': 0.3896}, 'medio': {'corner': 0.4765, 'mob': 0.5872, 'stable': 0.4583, 'parity': 0.6459, 'pos': 0.6845}, 'final': {'corner': 0.2922, 'mob': 0.7333, 'stable': 0.3613, 'parity': 0.6855, 'pos': 0.2148}}",minimax,minimax,50,64,60
"{'apertura': {'corner': 0.2857, 'mob': 0.6855, 'stable': 0.4324, 'parity': 0.2311, 'pos': 0.4846}, 'medio': {'corner': 0.6458, 'mob': 0.4529, 'stable': 0.5152, 'parity': 0.7029, 'pos': 0.6139}, 'final': {'corner': 0.3913, 'mob': 0.6771, 'stable': 0.1381, 'parity': 0.6075, 'pos': 0.3066}}",minimax,minimax,53,53,54
"{'apertura': {'corner': 0.2419, 'mob': 0.6746, 'stable': 0.4212, 'parity': 0.3315, 'pos': 0.2639}, 'medio': {'corner': 0.6564, 'mob': 0.253, 'stable': 0.7512, 'parity': 0.7106, 'pos': 0.8246}, 'final': {'corner': 0.2265, 'mob': 0.7606, 'stable': 0.2283, 'parity': 0.7011, 'pos': 0.192}}",minimax,"{'apertura': {'corner': 0.2419, 'mob': 0.6746, 'stable': 0.4212, 'parity': 0.3315, 'pos': 0.2639}, 'medio': {'corner': 0.6564, 'mob': 0.253, 'stable': 0.7512, 'parity': 0.7106, 'pos': 0.8246}, 'final': {'corner': 0.2265, 'mob': 0.7606, 'stable': 0.2283, 'parity': 0.7011, 'pos': 0.192}}",60,61,59
"{'apertura': {'corner': 0.3088, 'mob': 0.6872, 'stable': 0.4167, 'parity': 0.2714, 'pos': 0.5471}, 'medio': {'corner': 0.6552, 'mob': 0.5101, 'stable': 0.4812, 'parity': 0.7389, 'pos': 0.5529}, 'final': {'corner': 0.5056, 'mob': 0.6235, 'stable': 0.1439, 'parity': 0.5745, 'pos': 0.3906}}",minimax,minimax,46,63,59
"{'apertura': {'corner': 0.4739, 'mob': 0.5422, 'stable': 0.2363, 'parity': 0.4029, 'pos': 0.6631}, 'medio': {'corner': 0.1399, 'mob': 0.5132, 'stable': 0.6038, 'parity': 0.7933, 'pos': 0.6615}, 'final': {'corner': 0.5406, 'mob': 0.5822, 'stable': 0.7385, 'parity': 0.3478, 'pos': 0.3097}}",minimax,minimax,43,64,63
"{'apertura': {'corner': 0.2182, 'mob': 0.7352, 'stable': 0.3978, 'parity': 0.2141, 'pos': 0.2076}, 'medio': {'corner': 0.7654, 'mob': 0.2016, 'stable': 0.8398, 'parity': 0.7506, 'pos': 0.8873}, 'final': {'corner': 0.1768, 'mob': 0.7887, 'stable': 0.1182, 'parity': 0.7977, 'pos': 0.1661}}",minimax,minimax,40,64,61
"{'apertura': {'corner': 0.4103, 'mob': 0.5856, 'stable': 0.4958, 'parity': 0.2115, 'pos': 0.55}, 'medio': {'corner': 0.4915, 'mob': 0.4204, 'stable': 0.2798, 'parity': 0.4695, 'pos': 0.5873}, 'final': {'corner': 0.3036, 'mob': 0.7782, 'stable': 0.1522, 'parity': 0.7776, 'pos': 0.2833}}",minimax,minimax,36,62,60
"{'apertura': {'corner': 0.3364, 'mob': 0.6347, 'stable': 0.4719, 'parity': 0.2011, 'pos': 0.486}, 'medio': {'corner': 0.5639, 'mob': 0.4081, 'stable': 0.4145, 'parity': 0.5682, 'pos': 0.631}, 'final': {'corner': 0.2903, 'mob': 0.7545, 'stable': 0.1422, 'parity': 0.709, 'pos': 0.253}}",minimax,minimax,44,61,60
"{'apertura': {'corner': 0.2895, 'mob': 0.5534, 'stable': 0.4681, 'parity': 0.5662, 'pos': 0.3764}, 'medio': {'corner': 0.4383, 'mob': 0.3557, 'stable': 0.5739, 'parity': 0.6306, 'pos': 0.6991}, 'final': {'corner': 0.3259, 'mob': 0.7043, 'stable': 0.4486, 'parity': 0.508, 'pos': 0.244}}",minimax,minimax,36,63,59
"{'apertura': {'corner': 0.4093, 'mob': 0.595, 'stable': 0.3044, 'parity': 0.3366, 'pos': 0.523}, 'medio': {'corner': 0.4053, 'mob': 0.4192, 'stable': 0.6444, 'parity': 0.7706, 'pos': 0.7333}, 'final': {'corner': 0.4687, 'mob': 0.6046, 'stable': 0.32574830527759346, 'parity': 0.5344, 'pos': 0.3042}}",minimax,minimax,33,63,62
"{'apertura': {'corner': 0.3024, 'mob': 0.6907, 'stable': 0.4351, 'parity': 0.1541, 'pos': 0.3507}, 'medio': {'corner': 0.683, 'mob': 0.2853, 'stable': 0.6041, 'parity': 0.63, 'pos': 0.7687}, 'final': {'corner': 0.2153, 'mob': 0.7975, 'stable': 0.0801, 'parity': 0.8359, 'pos': 0.2117}}",minimax,minimax,37,63,67
"{'apertura': {'corner': 0.2176, 'mob': 0.7427, 'stable': 0.378, 'parity': 0.1645, 'pos': 0.2226}, 'medio': {'corner': 0.8197, 'mob': 0.2226, 'stable': 0.8539, 'parity': 0.7852, 'pos': 0.9022}, 'final': {'corner': 0.2101, 'mob': 0.7553, 'stable': 0.0588, 'parity': 0.8328, 'pos': 0.1793}}",minimax,minimax,39,64,60
"{'apertura': {'corner': 0.2591, 'mob': 0.7774, 'stable': 0.3469, 'parity': 0.1719, 'pos': 0.3995}, 'medio': {'corner': 0.6519, 'mob': 0.3008, 'stable': 0.7055, 'parity': 0.7609, 'pos': 0.7212}, 'final': {'corner': 0.3323, 'mob': 0.7525, 'stable': 0.1858, 'parity': 0.6822, 'pos': 0.3009}}",minimax,minimax,53,64,61
"{'apertura': {'corner': 0.3304, 'mob': 0.7909, 'stable': 0.4443, 'parity': 0.2144, 'pos': 0.6577}, 'medio': {'corner': 0.6552, 'mob': 0.5807, 'stable': 0.3322, 'parity': 0.7088, 'pos': 0.3471}, 'final': {'corner': 0.5521, 'mob': 0.6761, 'stable': 0.077, 'parity': 0.5005, 'pos': 0.4843}}",minimax,minimax,38,64,60
"{'apertura': {'corner': 0.4022, 'mob': 0.7339528361603207, 'stable': 0.3403, 'parity': 0.3086, 'pos': 0.6604}, 'medio': {'corner': 0.3976, 'mob': 0.547, 'stable': 0.468, 'parity': 0.751, 'pos': 0.5043}, 'final': {'corner': 0.5464, 'mob': 0.6292, 'stable': 0.4078, 'parity': 0.4241, 'pos': 0.397}}",minimax,minimax,45,64,60
"{'apertura': {'corner': 0.2625, 'mob': 0.6839, 'stable': 0.4481, 'parity': 0.1908, 'pos': 0.4221}, 'medio': {'corner': 0.6363, 'mob': 0.3958, 'stable': 0.5493, 'parity': 0.6669, 'pos': 0.6748}, 'final': {'corner': 0.277, 'mob': 0.7307, 'stable': 0.1323, 'parity': 0.6404566203097031, 'pos': 0.2227}}",minimax,minimax,40,64,61
"{'apertura': {'corner': 0.4022, 'mob': 0.6665, 'stable': 0.3403, 'parity': 0.3086, 'pos': 0.6604}, 'medio': {'corner': 0.3976, 'mob': 0.547, 'stable': 0.468, 'parity': 0.751, 'pos': 0.5043}, 'final': {'corner': 0.5464, 'mob': 0.6292, 'stable': 0.4078, 'parity': 0.4241, 'pos': 0.397}}",minimax,"{'apertura': {'corner': 0.4022, 'mob': 0.6665, 'stable': 0.3403, 'parity': 0.3086, 'pos': 0.6604}, 'medio': {'corner': 0.3976, 'mob': 0.547, 'stable': 0.468, 'parity': 0.751, 'pos': 0.5043}, 'final': {'corner': 0.5464, 'mob': 0.6292, 'stable': 0.4078, 'parity': 0.4241, 'pos': 0.397}}",34,64,62
"{'apertura': {'corner': 0.2591, 'mob': 0.7774, 'stable': 0.3469, 'parity': 0.1719, 'pos': 0.3995}, 'medio': {'corner': 0.6519, 'mob': 0.3008, 'stable': 0.7055, 'parity': 0.7609, 'pos': 0.7212}, 'final': {'corner': 0.3323, 'mob': 0.7525, 'stable': 0.1858, 'parity': 0.6822, 'pos': 0.3009}}",minimax,minimax,40,63,63
"{'apertura': {'corner': 0.2176, 'mob': 0.7427, 'stable': 0.378, 'parity': 0.1645, 'pos': 0.2226}, 'medio': {'corner': 0.8197, 'mob': 0.2226, 'stable': 0.8539, 'parity': 0.7852, 'pos': 0.9022}, 'final': {'corner': 0.2101, 'mob': 0.7553, 'stable': 0.0588, 'parity': 0.8328, 'pos': 0.1793}}",minimax,minimax,40,63,63
"{'apertura': {'corner': 0.4739, 'mob': 0.5422, 'stable': 0.2363, 'parity': 0.4029, 'pos': 0.6631}, 'medio': {'corner': 0.1399, 'mob': 0.5132, 'stable': 0.6038, 'parity': 0.7933, 'pos': 0.6615}, 'final': {'corner': 0.5406, 'mob': 0.5822, 'stable': 0.7385, 'parity': 0.3478, 'pos': 0.3097}}",minimax,minimax,41,64,68
"{'apertura': {'corner': 0.3304, 'mob': 0.7909, 'stable': 0.4443, 'parity': 0.2144, 'pos': 0.6577}, 'medio': {'corner': 0.6552, 'mob': 0.5807, 'stable': 0.3322, 'parity': 0.7088, 'pos': 0.3471}, 'final': {'corner': 0.5521, 'mob': 0.6761, 'stable': 0.077, 'parity': 0.5005, 'pos': 0.4843}}",minimax,"{'apertura': {'corner': 0.3304, 'mob': 0.7909, 'stable': 0.4443, 'parity': 0.2144, 'pos': 0.6577}, 'medio': {'corner': 0.6552, 'mob': 0.5807, 'stable': 0.3322, 'parity': 0.7088, 'pos': 0.3471}, 'final': {'corner': 0.5521, 'mob': 0.6761, 'stable': 0.077, 'parity': 0.5005, 'pos': 0.4843}}",40,61,59
"{'apertura': {'corner': 0.2182, 'mob': 0.7352, 'stable': 0.3978, 'parity': 0.2141, 'pos': 0.2076}, 'medio': {'corner': 0.7654, 'mob': 0.2016, 'stable': 0.8398, 'parity': 0.7506, 'pos': 0.8873}, 'final': {'corner': 0.1768, 'mob': 0.7887, 'stable': 0.1182, 'parity': 0.7977, 'pos': 0.1661}}",minimax,minimax,40,64,61
"{'apertura': {'corner': 0.277, 'mob': 0.6887, 'stable': 0.4249, 'parity': 0.1828, 'pos': 0.3543}, 'medio': {'corner': 0.6918, 'mob': 0.3154, 'stable': 0.6342, 'parity': 0.6767, 'pos': 0.7666}, 'final': {'corner': 0.2502, 'mob': 0.7549, 'stable': 0.1005, 'parity': 0.7709, 'pos': 0.2162}}",minimax,minimax,48,63,63
"{'apertura': {'corner': 0.348, 'mob': 0.6356, 'stable': 0.4641, 'parity': 0.2213, 'pos': 0.5173}, 'medio': {'corner': 0.5686, 'mob': 0.4366, 'stable': 0.3975, 'parity': 0.5862, 'pos': 0.6006}, 'final': {'corner': 0.3474, 'mob': 0.7277, 'stable': 0.1452, 'parity': 0.6925, 'pos': 0.2949}}",minimax,minimax,45,63,61
"{'apertura': {'corner': 0.2419, 'mob': 0.6746, 'stable': 0.4212, 'parity': 0.3315, 'pos': 0.2639}, 'medio': {'corner': 0.6564, 'mob': 0.253, 'stable': 0.7512, 'parity': 0.7106, 'pos': 0.8246}, 'final': {'corner': 0.2265, 'mob': 0.7606, 'stable': 0.2283, 'parity': 0.7011, 'pos': 0.192}}",minimax,minimax,49,64,60
"{'apertura': {'corner': 0.4022, 'mob': 0.7339528361603207, 'stable': 0.3403, 'parity': 0.3086, 'pos': 0.6604}, 'medio': {'corner': 0.3976, 'mob': 0.547, 'stable': 0.468, 'parity': 0.751, 'pos': 0.5043}, 'final': {'corner': 0.5464, 'mob': 0.6292, 'stable': 0.4078, 'parity': 0.4241, 'pos': 0.397}}",minimax,minimax,42,63,63
"{'apertura': {'corner': 0.3494, 'mob': 0.5742, 'stable': 0.3862, 'parity': 0.4514, 'pos': 0.4497}, 'medio': {'corner': 0.4218, 'mob': 0.3875, 'stable': 0.6091, 'parity': 0.7006, 'pos': 0.7162}, 'final': {'corner': 0.3973, 'mob': 0.6544, 'stable': 0.3872, 'parity': 0.5212, 'pos': 0.2741}}",minimax,minimax,46,64,61
"{'apertura': {'corner': 0.3226, 'mob': 0.661, 'stable': 0.4443, 'parity': 0.2362, 'pos': 0.5166}, 'medio': {'corner': 0.6096, 'mob': 0.4591, 'stable': 0.4478, 'parity': 0.6536, 'pos': 0.5919}, 'final': {'corner': 0.398, 'mob': 0.689, 'stable': 0.1431, 'parity': 0.6418, 'pos': 0.3218}}",minimax,minimax,43,64,61
"{'apertura': {'corner': 0.31, 'mob': 0.6722, 'stable': 0.4562, 'parity': 0.3903, 'pos': 0.5171}, 'medio': {'corner': 0.5468, 'mob': 0.4682, 'stable': 0.453, 'parity': 0.6697, 'pos': 0.5231}, 'final': {'corner': 0.439, 'mob': 0.6902, 'stable': 0.2628, 'parity': 0.5042, 'pos': 0.3641}}",minimax,minimax,50,63,61
"{'apertura': {'corner': 0.2298, 'mob': 0.8690935619066924, 'stable': 0.3996, 'parity': 0.248, 'pos': 0.2433}, 'medio': {'corner': 0.738, 'mob': 0.2378, 'stable': 0.8025, 'parity': 0.7479, 'pos': 0.8634}, 'final': {'corner': 0.2183, 'mob': 0.758, 'stable': 0.1436, 'parity': 0.767, 'pos': 0.1856}}",minimax,minimax,36,64,60
"{'apertura': {'corner': 0.2994, 'mob': 0.6593, 'stable': 0.46, 'parity': 0.196, 'pos': 0.454}, 'medio': {'corner': 0.6001, 'mob': 0.402, 'stable': 0.4819, 'parity': 0.6176, 'pos': 0.6529}, 'final': {'corner': 0.2837, 'mob': 0.7426, 'stable': 0.1372, 'parity': 0.6747, 'pos': 0.2379}}",minimax,minimax,54,63,60
"{'apertura': {'corner': 0.4022, 'mob': 0.6665, 'stable': 0.3403, 'parity': 0.3086, 'pos': 0.6604}, 'medio': {'corner': 0.3976, 'mob': 0.547, 'stable': 0.468, 'parity': 0.751, 'pos': 0.5043}, 'final': {'corner': 0.5464, 'mob': 0.6292, 'stable': 0.4078, 'parity': 0.4241, 'pos': 0.397}}",minimax,minimax,48,64,62
"{'apertura': {'corner': 0.359, 'mob': 0.6411, 'stable': 0.3606, 'parity': 0.304, 'pos': 0.5351}, 'medio': {'corner': 0.5302, 'mob': 0.4647, 'stable': 0.5628, 'parity': 0.7548, 'pos': 0.6431}, 'final': {'corner': 0.4872, 'mob': 0.614, 'stable': 0.2348, 'parity': 0.5544, 'pos': 0.3474}}",minimax,minimax,39,64,60
"{'apertura': {'corner': 0.3624, 'mob': 0.6975, 'stable': 0.3923, 'parity': 0.2724, 'pos': 0.5885}, 'medio': {'corner': 0.5036, 'mob': 0.503, 'stable': 0.4579, 'parity': 0.7023, 'pos': 0.5481}, 'final': {'corner': 0.4722, 'mob': 0.6591, 'stable': 0.2754, 'parity': 0.533, 'pos': 0.3594}}",minimax,minimax,50,59,60
"{'apertura': {'corner': 0.3226, 'mob': 0.661, 'stable': 0.4443, 'parity': 0.2362, 'pos': 0.5166}, 'medio': {'corner': 0.6096, 'mob': 0.4591, 'stable': 0.4478, 'parity': 0.6536, 'pos': 0.5919}, 'final': {'corner': 0.398, 'mob': 0.689, 'stable': 0.1431, 'parity': 0.6418, 'pos': 0.3218}}",minimax,,,64,60
"{'apertura': {'corner': 0.4022, 'mob': 0.6665, 'stable': 0.3403, 'parity': 0.3086, 'pos': 0.6604}, 'medio': {'corner': 0.3976, 'mob': 0.547, 'stable': 0.468, 'parity': 0.751, 'pos': 0.5043}, 'final': {'corner': 0.5464, 'mob': 0.6292, 'stable': 0.4078, 'parity': 0.4241, 'pos': 0.397}}",minimax,"{'apertura': {'corner': 0.4022, 'mob': 0.6665, 'stable': 0.3403, 'parity': 0.3086, 'pos': 0.6604}, 'medio': {'corner': 0.3976, 'mob': 0.547, 'stable': 0.468, 'parity': 0.751, 'pos': 0.5043}, 'final': {'corner': 0.5464, 'mob': 0.6292, 'stable': 0.4078, 'parity': 0.4241, 'pos': 0.397}}",41,64,60
"{'apertura': {'corner': 0.3494, 'mob': 0.5742, 'stable': 0.3862, 'parity': 0.4514, 'pos': 0.4497}, 'medio': {'corner': 0.4218, 'mob': 0.3875, 'stable': 0.6091, 'parity': 0.7006, 'pos': 0.7162}, 'final': {'corner': 0.3973, 'mob': 0.6544, 'stable': 0.3872, 'parity': 0.5212, 'pos': 0.2741}}",minimax,minimax,36,64,60
"{'apertura': {'corner': 0.2948, 'mob': 0.7842, 'stable': 0.3956, 'parity': 0.1931, 'pos': 0.5286}, 'medio': {'corner': 0.6536, 'mob': 0.4407, 'stable': 0.5189, 'parity': 0.7349, 'pos': 0.5342}, 'final': {'corner': 0.4422, 'mob': 0.7143, 'stable': 0.1314, 'parity': 0.5914, 'pos': 0.3926}}",minimax,minimax,44,61,60
"{'apertura': {'corner': 0.2419, 'mob': 0.6746, 'stable': 0.4212, 'parity': 0.3315, 'pos': 0.2639}, 'medio': {'corner': 0.6564, 'mob': 0.253, 'stable': 0.7512, 'parity': 0.7106, 'pos': 0.8246}, 'final': {'corner': 0.2265, 'mob': 0.7606, 'stable': 0.2283, 'parity': 0.7011, 'pos': 0.192}}",minimax,minimax,42,64,62
"{'apertura': {'corner': 0.4739, 'mob': 0.5422, 'stable': 0.2363, 'parity': 0.4029, 'pos': 0.6631}, 'medio': {'corner': 0.1399, 'mob': 0.5132, 'stable': 0.6038, 'parity': 0.7933, 'pos': 0.6615}, 'final': {'corner': 0.5406, 'mob': 0.5822, 'stable': 0.7385, 'parity': 0.3478, 'pos': 0.3097}}",minimax,,,64,60
"{'apertura': {'corner': 0.2298, 'mob': 0.8690935619066924, 'stable': 0.3996, 'parity': 0.248, 'pos': 0.2433}, 'medio': {'corner': 0.738, 'mob': 0.2378, 'stable': 0.8025, 'parity': 0.7479, 'pos': 0.8634}, 'final': {'corner': 0.2183, 'mob': 0.758, 'stable': 0.1436, 'parity': 0.767, 'pos': 0.1856}}",minimax,minimax,43,63,61
"{'apertura': {'corner': 0.3561, 'mob': 0.7031, 'stable': 0.3982, 'parity': 0.3494, 'pos': 0.5887}, 'medio': {'corner': 0.4722, 'mob': 0.5076, 'stable': 0.4605, 'parity': 0.7104, 'pos': 0.5137}, 'final': {'corner': 0.4927, 'mob': 0.6597, 'stable': 0.3353, 'parity': 0.4641, 'pos': 0.3805}}",minimax,minimax,56,64,60
"{'apertura': {'corner': 0.224, 'mob': 0.8021, 'stable': 0.3987, 'parity': 0.2311, 'pos': 0.2254}, 'medio': {'corner': 0.7517, 'mob': 0.2197, 'stable': 0.8212, 'parity': 0.7492, 'pos': 0.8753}, 'final': {'corner': 0.1976, 'mob': 0.7733, 'stable': 0.1309, 'parity': 0.7823, 'pos': 0.1759}}",minimax,minimax,34,64,61
"{'apertura': {'corner': 0.3304, 'mob': 0.7909, 'stable': 0.4443, 'parity': 0.2144, 'pos': 0.6577}, 'medio': {'corner': 0.6552, 'mob': 0.5807, 'stable': 0.3322, 'parity': 0.7088, 'pos': 0.3471}, 'final': {'corner': 0.5521, 'mob': 0.6761, 'stable': 0.077, 'parity': 0.5005, 'pos': 0.4843}}",minimax,minimax,51,64,61
"{'apertura': {'corner': 0.2182, 'mob': 0.7352, 'stable': 0.3978, 'parity': 0.2141, 'pos': 0.2076}, 'medio': {'corner': 0.7654, 'mob': 0.2016, 'stable': 0.8398, 'parity': 0.7506, 'pos': 0.8873}, 'final': {'corner': 0.1768, 'mob': 0.7887, 'stable': 0.1182, 'parity': 0.7977, 'pos': 0.1661}}",minimax,minimax,37,64,61
"{'apertura': {'corner': 0.3751, 'mob': 0.6848, 'stable': 0.4022, 'parity': 0.265, 'pos': 0.5888}, 'medio': {'corner': 0.4831, 'mob': 0.4918, 'stable': 0.4328, 'parity': 0.6686, 'pos': 0.5524}, 'final': {'corner': 0.4469, 'mob': 0.6784, 'stable': 0.2765, 'parity': 0.5583, 'pos': 0.3459}}",minimax,minimax,44,64,60
"{'apertura': {'corner': 0.2638, 'mob': 0.7075, 'stable': 0.4171, 'parity': 0.2774, 'pos': 0.3699}, 'medio': {'corner': 0.6832, 'mob': 0.3454, 'stable': 0.6534, 'parity': 0.7274, 'pos': 0.7127}, 'final': {'corner': 0.3246, 'mob': 0.7228, 'stable': 0.1608, 'parity': 0.6685, 'pos': 0.2717}}",minimax,minimax,34,64,60
"{'apertura': {'corner': 0.3125, 'mob': 0.6622, 'stable': 0.4445, 'parity': 0.2021, 'pos': 0.4358}, 'medio': {'corner': 0.6302, 'mob': 0.376, 'stable': 0.5159, 'parity': 0.6315, 'pos': 0.6836}, 'final': {'corner': 0.2988, 'mob': 0.7413, 'stable': 0.1229, 'parity': 0.7317, 'pos': 0.2555}}",minimax,minimax,50,64,60
"{'apertura': {'corner': 0.2585, 'mob': 0.701, 'stable': 0.419, 'parity': 0.1803, 'pos': 0.3383}, 'medio': {'corner': 0.7099, 'mob': 0.3123, 'stable': 0.6679, 'parity': 0.7014, 'pos': 0.7775}, 'final': {'corner': 0.2469, 'mob': 0.749, 'stable': 0.098, 'parity': 0.7537, 'pos': 0.2086}}",minimax,minimax,54,64,60
"{'apertura': {'corner': 0.2384, 'mob': 0.7181, 'stable': 0.4084, 'parity': 0.1972, 'pos': 0.273}, 'medio': {'corner': 0.7376, 'mob': 0.257, 'stable': 0.7539, 'parity': 0.726, 'pos': 0.8324}, 'final': {'corner': 0.2119, 'mob': 0.7689, 'stable': 0.1081, 'parity': 0.7757, 'pos': 0.1874}}",minimax,minimax,53,58,60
"{'apertura': {'corner': 0.3494, 'mob': 0.5742, 'stable': 0.3862, 'parity': 0.4514, 'pos': 0.4497}, 'medio': {'corner': 0.4218, 'mob': 0.3875, 'stable': 0.6091, 'parity': 0.7006, 'pos': 0.7162}, 'final': {'corner': 0.3973, 'mob': 0.6544, 'stable': 0.3872, 'parity': 0.5212, 'pos': 0.2741}}",minimax,minimax,36,64,60
"{'apertura': {'corner': 0.4022, 'mob': 0.6665, 'stable': 0.3403, 'parity': 0.3086, 'pos': 0.6604}, 'medio': {'corner': 0.3976, 'mob': 0.547, 'stable': 0.468, 'parity': 0.751, 'pos': 0.5043}, 'final': {'corner': 0.5464, 'mob': 0.6292, 'stable': 0.4078, 'parity': 0.4241, 'pos': 0.397}}",minimax,minimax,54,64,61
"{'apertura': {'corner': 0.3226, 'mob': 0.661, 'stable': 0.4443, 'parity': 0.2362, 'pos': 0.5166}, 'medio': {'corner': 0.6096, 'mob': 0.4591, 'stable': 0.4478, 'parity': 0.6536, 'pos': 0.5919}, 'final': {'corner': 0.398, 'mob': 0.689, 'stable': 0.1431, 'parity': 0.6418, 'pos': 0.3218}}",minimax,"{'apertura': {'corner': 0.3226, 'mob': 0.661, 'stable': 0.4443, 'parity': 0.2362, 'pos': 0.5166}, 'medio': {'corner': 0.6096, 'mob': 0.4591, 'stable': 0.4478, 'parity': 0.6536, 'pos': 0.5919}, 'final': {'corner': 0.398, 'mob': 0.689, 'stable': 0.1431, 'parity': 0.6418, 'pos': 0.3218}}",35,64,60
"{'apertura': {'corner': 0.2419, 'mob': 0.6746, 'stable': 0.4212, 'parity': 0.3315, 'pos': 0.2639}, 'medio': {'corner': 0.6564, 'mob': 0.253, 'stable': 0.7512, 'parity': 0.7106, 'pos': 0.8246}, 'final': {'corner': 0.2265, 'mob': 0.7606, 'stable': 0.2283, 'parity': 0.7011, 'pos': 0.192}}",minimax,minimax,51,64,61
"{'apertura': {'corner': 0.3464, 'mob': 0.7442, 'stable': 0.4183, 'parity': 0.2434, 'pos': 0.6231}, 'medio': {'corner': 0.5794, 'mob': 0.5418, 'stable': 0.3951, 'parity': 0.7056, 'pos': 0.4476}, 'final': {'corner': 0.5121, 'mob': 0.6676, 'stable': 0.26606483331526276, 'parity': 0.5168, 'pos': 0.4219}}",minimax,minimax,46,63,59
"{'apertura': {'corner': 0.3304, 'mob': 0.7909, 'stable': 0.4443, 'parity': 0.2144, 'pos': 0.6577}, 'medio': {'corner': 0.6552, 'mob': 0.5807, 'stable': 0.3322, 'parity': 0.7088, 'pos': 0.3471}, 'final': {'corner': 0.5521, 'mob': 0.6761, 'stable': 0.077, 'parity': 0.5005, 'pos': 0.4843}}",minimax,minimax,38,63,60
"{'apertura': {'corner': 0.224, 'mob': 0.8021, 'stable': 0.3987, 'parity': 0.2311, 'pos': 0.2254}, 'medio': {'corner': 0.7517, 'mob': 0.2197, 'stable': 0.8212, 'parity': 0.7492, 'pos': 0.8753}, 'final': {'corner': 0.1976, 'mob': 0.7733, 'stable': 0.1309, 'parity': 0.7823, 'pos': 0.1759}}",minimax,minimax,38,64,60
"{'apertura': {'corner': 0.2995, 'mob': 0.7434, 'stable': 0.4004, 'parity': 0.248, 'pos': 0.4071}, 'medio': {'corner': 0.6174, 'mob': 0.3558, 'stable': 0.627, 'parity': 0.7089, 'pos': 0.7138}, 'final': {'corner': 0.3223, 'mob': 0.7258, 'stable': 0.2037, 'parity': 0.6703, 'pos': 0.2609}}",minimax,minimax,43,64,61
"{'apertura': {'corner': 0.3561, 'mob': 0.7031, 'stable': 0.3982, 'parity': 0.3494, 'pos': 0.5887}, 'medio': {'corner': 0.4722, 'mob': 0.5076, 'stable': 0.4605, 'parity': 0.7104, 'pos': 0.5137}, 'final': {'corner': 0.4927, 'mob': 0.6597, 'stable': 0.3353, 'parity': 0.4641, 'pos': 0.3805}}",minimax,minimax,37,64,65
"{'apertura': {'corner': 0.4739, 'mob': 0.5422, 'stable': 0.2363, 'parity': 0.4029, 'pos': 0.6631}, 'medio': {'corner': 0.1399, 'mob': 0.5132, 'stable': 0.6038, 'parity': 0.7933, 'pos': 0.6615}, 'final': {'corner': 0.5406, 'mob': 0.5822, 'stable': 0.7385, 'parity': 0.3478, 'pos': 0.3097}}",minimax,minimax,39,64,61
"{'apertura': {'corner': 0.2354238652849508, 'mob': 0.6843, 'stable': 0.4307, 'parity': 0.2568, 'pos': 0.4432}, 'medio': {'corner': 0.6464, 'mob': 0.4022, 'stable': 0.5506, 'parity': 0.6905, 'pos': 0.6523}, 'final': {'corner': 0.3613, 'mob': 0.7059, 'stable': 0.152, 'parity': 0.6552, 'pos': 0.2967}}",minimax,minimax,40,64,61
"{'apertura': {'corner': 0.2712, 'mob': 0.7656, 'stable': 0.4221, 'parity': 0.2251, 'pos': 0.3396}, 'medio': {'corner': 0.6841, 'mob': 0.3069, 'stable': 0.6592, 'parity': 0.6897, 'pos': 0.7735}, 'final': {'corner': 0.2586, 'mob': 0.7496, 'stable': 0.1333, 'parity': 0.7493, 'pos': 0.2205}}",minimax,minimax,44,61,60
"{'apertura': {'corner': 0.333, 'mob': 0.687, 'stable': 0.3787, 'parity': 0.293, 'pos': 0.5151}, 'medio': {'corner': 0.5404, 'mob': 0.4462, 'stable': 0.5607, 'parity': 0.7392, 'pos': 0.6085}, 'final': {'corner': 0.4355, 'mob': 0.676, 'stable': 0.2843, 'parity': 0.5463, 'pos': 0.3344}}",minimax,minimax,45,64,60
"{'apertura': {'corner': 0.3932, 'mob': 0.6022, 'stable': 0.3404, 'parity': 0.3025, 'pos': 0.5494}, 'medio': {'corner': 0.41758320004352634, 'mob': 0.4446, 'stable': 0.5598, 'parity': 0.7124, 'pos': 0.6725}, 'final': {'corner': 0.4197, 'mob': 0.6618, 'stable': 0.4307, 'parity': 0.5397, 'pos': 0.2826}}",minimax,minimax,50,63,61
"{'apertura': {'corner': 0.333, 'mob': 0.687, 'stable': 0.3787, 'parity': 0.293, 'pos': 0.5151}, 'medio': {'corner': 0.5404, 'mob': 0.4462, 'stable': 0.5607, 'parity': 0.7392, 'pos': 0.6085}, 'final': {'corner': 0.4355, 'mob': 0.676, 'stable': 0.2843, 'parity': 0.5463, 'pos': 0.3344}}",minimax,minimax,45,64,63
